LinkS;TranspS;Instance;Demands;UB;LB;GAP;Time;OF;Formulation;CD;OSNR;GNpy;Bands;Reinforcements;Cuts;Prepro;PreproTime;Variables;Constraints;v0;preproC;Paths;FeasibleC;InfeasibleC;OnlyOsnrC;OnlyReachC;FeasibleL;InfeasibleL;OnlyOsnrL;OnlyReachL;ads;dcb;llb;nlus;slus;suld;trl;tus;tase
2x;efficient;European_18_40;20-b;228.000000;228.000000;0.000000;0.320000;3;0;1;1;0;1;0;0;2;1.144888;7035;14820;56965;0;0;0;0;0;0;22071;12337;2;0;20;20;0;40;771;38;21507.000000;228;16416.666667
2x;efficient;Nsfnet_14_21;30;300.000000;300.000000;0.000000;0.358000;3;0;1;1;0;1;0;0;2;1.426214;11374;23370;64226;0;0;0;0;0;0;21937;-16764879;2;0;30;30;0;60;1106;58;59700.000000;300;32233.333333
2x;efficient;Nsfnet_14_21;20-b;36.000000;36.000000;0.000000;1.109000;8;0;1;1;0;1;0;0;2;0.481381;6320;10800;27281;0;0;0;0;0;0;0;-1133871366;0;808333371;20;20;0;36;437;48;46700.000000;231;24783.333333
2x;efficient;Nsfnet_14_21;20;15.000000;15.000000;0.000000;1.922000;8;0;1;1;0;1;0;0;2;0.554786;8924;10800;24677;0;0;0;0;0;0;0;-1133871366;0;809186615;20;20;0;15;277;52;57700.000000;231;27916.666667
2x;efficient;Nsfnet_14_21;50-b;483.000000;483.000000;0.000000;1.973000;3;0;1;1;0;1;0;0;2;7.401340;45743;62950;164257;0;0;0;0;0;0;21894;52;1;0;50;50;0;100;2051;104;114100.000000;483;58783.333333
2x;efficient;European_18_40;20;12.000000;12.000000;0.000000;0.880000;8;0;1;1;0;1;0;0;2;1.141756;7596;14840;56405;0;0;0;0;0;0;21860;55;1;0;20;20;0;12;294;44;24715.000000;264;17383.333333
2x;efficient;Nsfnet_14_21;60-b;651.000000;651.000000;0.000000;3.229000;3;0;1;1;0;1;0;0;2;13.511110;71284;89940;231116;0;0;0;0;0;0;22059;13361;2;0;60;60;0;120;2513;137;155300.000000;651;75816.666667
2x;efficient;Nsfnet_14_21;60;735.000000;735.000000;0.000000;4.876000;3;0;1;1;0;1;0;0;2;13.303461;69173;89940;233227;0;0;0;0;0;0;21884;13105;2;0;60;60;0;120;2377;150;153900.000000;735;75133.333333
2x;efficient;Nsfnet_14_21;30-b;54.000000;54.000000;0.000000;19.564000;8;0;1;1;0;1;0;0;2;1.602227;15643;23400;59958;0;0;0;0;0;0;21919;-65480;1;0;30;30;0;54;847;75;73000.000000;363;37466.666667
2x;efficient;Nsfnet_14_21;70;747.000000;747.000000;0.000000;3.161000;3;0;1;1;0;1;0;0;2;19.555596;76797;121730;334803;0;0;0;0;0;0;22018;12849;2;0;70;70;0;140;2873;148;160100.000000;747;81400.000000
2x;efficient;Nsfnet_14_21;80-b;882.000000;882.000000;0.000000;7.910000;3;0;1;1;0;1;0;0;2;27.943696;114672;158320;422928;0;0;0;0;0;0;22039;52;1;0;80;80;0;160;3194;181;184500.000000;882;97750.000000
2x;efficient;Nsfnet_14_21;80;933.000000;933.000000;0.000000;5.086000;3;0;1;1;0;1;0;0;2;28.566735;101987;158320;435613;0;0;0;0;0;0;22026;12593;2;0;80;80;0;160;3319;184;179000.000000;933;94333.333333
2x;efficient;European_18_40;60;801.000000;801.000000;0.000000;6.180000;3;0;1;1;0;1;0;0;2;30.643121;88619;121260;487381;0;0;0;0;0;0;21958;-65479;1;0;60;60;0;120;3518;137;82661.000000;801;56766.666667
2x;efficient;Nsfnet_14_21;70-b;777.000000;777.000000;0.000000;5.520000;3;0;1;1;0;1;0;0;2;20.267089;88725;121730;322875;0;0;0;0;0;0;22002;12337;2;0;70;70;0;140;2882;160;173900.000000;777;87050.000000
2x;efficient;Nsfnet_14_21;10-b;12.000000;12.000000;0.000000;0.086000;8;0;1;1;0;1;0;0;2;0.060139;1570;3000;6831;0;0;0;0;0;0;0;-1133871366;0;0;10;10;0;12;147;27;27000.000000;135;13516.666667
2x;efficient;Nsfnet_14_21;50;540.000000;540.000000;0.000000;2.002000;3;0;1;1;0;1;0;0;2;6.759067;40960;62950;169040;0;0;0;0;0;0;21993;56;1;0;50;50;0;100;1872;108;113100.000000;540;56950.000000
2x;efficient;European_18_40;40;510.000000;510.000000;0.000000;2.627000;3;0;1;1;0;1;0;0;2;8.997661;37638;55240;218362;0;0;0;0;0;0;21947;-65481;1;0;40;40;0;80;2194;87;50563.000000;510;34866.666667
2x;efficient;European_18_40;70-b;774.000000;774.000000;0.000000;7.825000;3;0;1;1;0;1;0;0;2;50.473197;109557;163870;674443;0;0;0;0;0;0;0;-1133871366;0;-1;70;70;0;140;4099;131;84601.000000;774;59283.333333
2x;efficient;European_18_40;20;252.000000;252.000000;0.000000;0.337000;3;0;1;1;0;1;0;0;2;1.051919;7595;14820;56405;0;0;0;0;0;0;22065;55;1;0;20;20;0;40;752;42;25191.000000;252;17500.000000
2x;efficient;European_18_40;50-b;657.000000;657.000000;0.000000;5.233000;3;0;1;1;0;1;0;0;2;17.951589;68512;85050;331488;0;0;0;0;0;0;21997;-65486;1;0;50;50;0;100;3139;111;71677.000000;657;47250.000000
2x;efficient;European_18_40;30-b;396.000000;396.000000;0.000000;0.826000;3;0;1;1;0;1;0;0;2;3.922802;18975;31830;125025;0;0;0;0;0;0;21845;12849;2;0;30;30;0;60;1384;66;34466.000000;396;25200.000000
2x;efficient;European_18_40;30;402.000000;402.000000;0.000000;1.091000;3;0;1;1;0;1;0;0;2;3.916190;18040;31830;125960;0;0;0;0;0;0;21976;12593;2;0;30;30;0;60;1459;67;40349.000000;402;28133.333333
2x;efficient;Nsfnet_14_21;90-b;939.000000;939.000000;0.000000;7.079000;3;0;1;1;0;1;0;0;2;43.237142;145776;199710;534624;0;0;0;0;0;0;22006;53;1;0;90;90;0;180;3718;196;217100.000000;939;109766.666667
2x;efficient;Nsfnet_14_21;100;1023.000000;1023.000000;0.000000;11.825000;3;0;1;1;0;1;0;0;2;60.106891;178449;245900;661551;0;0;0;0;0;0;21943;57;1;0;100;100;0;200;4077;215;241800.000000;1023;122333.333333
2x;efficient;European_18_40;10;102.000000;102.000000;0.000000;0.057000;3;0;1;1;0;1;0;0;2;0.130507;1125;4210;14875;0;0;0;0;0;0;21938;808333362;4;0;10;10;0;20;260;17;9511.000000;102;7166.666667
2x;efficient;European_18_40;50;624.000000;624.000000;0.000000;3.870000;3;0;1;1;0;1;0;0;2;18.133053;55693;85050;344307;0;0;0;0;0;0;21917;-16763855;2;0;50;50;0;100;3070;106;69242.000000;624;44483.333333
2x;efficient;European_18_40;10-b;6.000000;6.000000;0.000000;0.055000;8;0;1;1;0;1;0;0;2;0.162732;2209;4220;13792;0;0;0;0;0;0;0;1629172416;0;0;10;10;0;6;117;22;12560.000000;117;9083.333333
2x;efficient;European_18_40;70;972.000000;972.000000;0.000000;7.478000;3;0;1;1;0;1;0;0;2;53.153780;113343;163870;670657;0;0;0;0;0;0;0;-1133871366;0;-1;70;70;0;140;5149;164;104358.000000;972;66966.666667
2x;efficient;Nsfnet_14_21;40-b;459.000000;459.000000;0.000000;1.179000;3;0;1;1;0;1;0;0;2;3.567452;25881;40760;108519;0;0;0;0;0;0;21987;56;1;0;40;40;0;80;1407;93;94300.000000;459;48266.666667
2x;efficient;European_18_40;90;1110.000000;1110.000000;0.000000;12.065000;3;0;1;1;0;1;0;0;2;102.255590;166950;268290;1129050;0;0;0;0;0;0;21985;53;1;0;90;90;0;180;6434;185;115177.000000;1110;79316.666667
2x;efficient;European_18_40;40-b;522.000000;522.000000;0.000000;2.457000;3;0;1;1;0;1;0;0;2;9.767358;42300;55240;213700;0;0;0;0;0;0;21858;-16762831;2;0;40;40;0;80;2167;87;53865.000000;522;35750.000000
2x;efficient;Nsfnet_14_21;40;357.000000;357.000000;0.000000;1.306000;3;0;1;1;0;1;0;0;2;4.323186;36189;40760;98211;0;0;0;0;0;0;21979;12337;2;0;40;40;0;80;1419;85;109500.000000;357;53066.666667
2x;efficient;European_18_40;90-b;1155.000000;1155.000000;0.000000;14.994000;3;0;1;1;0;1;0;0;2;112.745456;228197;268290;1067803;0;0;0;0;0;0;21902;57;1;0;90;90;0;180;5838;201;123066.000000;1155;84383.333333
2x;efficient;Nsfnet_14_21;50-b;42.000000;42.000000;0.000000;83.277000;8;0;1;1;0;1;0;0;2;7.288087;45744;63000;164257;0;0;0;0;0;0;21861;52;1;0;50;50;0;42;783;113;121200.000000;516;62183.333333
2x;efficient;European_18_40;100-b;1368.000000;1368.000000;0.000000;15.397000;3;0;1;1;0;1;0;0;2;146.794545;226992;330100;1373008;0;0;0;0;0;0;21930;13105;2;0;100;100;0;200;6745;230;134833.000000;1368;95100.000000
2x;efficient;Nsfnet_14_21;10;96.000000;96.000000;0.000000;0.082000;3;0;1;1;0;1;0;0;2;0.059976;1485;2990;6915;0;0;0;0;0;0;0;-1133871366;0;0;10;10;0;20;230;20;25200.000000;96;12383.333333
2x;efficient;Nsfnet_14_21;20-b;225.000000;225.000000;0.000000;0.329000;3;0;1;1;0;1;0;0;2;0.465431;6319;10780;27281;0;0;0;0;0;0;0;-1133871366;0;808333371;20;20;0;40;621;46;45500.000000;225;24183.333333
2x;efficient;Nsfnet_14_21;20;222.000000;222.000000;0.000000;0.289000;3;0;1;1;0;1;0;0;2;0.545320;8923;10780;24677;0;0;0;0;0;0;0;-1133871366;0;809186615;20;20;0;40;660;49;55600.000000;222;26883.333333
2x;efficient;Nsfnet_14_21;40-b;60.000000;60.000000;0.000000;24.480000;8;0;1;1;0;1;0;0;2;3.553741;25882;40800;108519;0;0;0;0;0;0;21884;56;1;0;40;40;0;60;861;98;100000.000000;474;50833.333333
2x;efficient;Nsfnet_14_21;10-b;132.000000;132.000000;0.000000;0.052000;3;0;1;1;0;1;0;0;2;0.060064;1569;2990;6831;0;0;0;0;0;0;0;-1133871366;0;0;10;10;0;20;251;26;26300.000000;132;13183.333333
2x;efficient;European_18_40;80;1047.000000;1047.000000;0.000000;21.137000;3;0;1;1;0;1;0;0;2;80.497344;172981;212880;851019;0;0;0;0;0;0;21857;50;1;0;80;80;0;160;4839;179;112052.000000;1047;75516.666667
2x;efficient;Nsfnet_14_21;30-b;333.000000;333.000000;0.000000;1.061000;3;0;1;1;0;1;0;0;2;1.664994;15642;23370;59958;0;0;0;0;0;0;21929;-65480;1;0;30;30;0;60;1068;68;69500.000000;333;35633.333333
2x;efficient;European_18_40;100;1251.000000;1251.000000;0.000000;24.939000;3;0;1;1;0;1;0;0;2;157.309702;326886;330100;1273114;0;0;0;0;0;0;22056;55;1;0;100;100;0;200;6453;218;145922.000000;1251;93816.666667
2x;efficient;Nsfnet_14_21;40;30.000000;30.000000;0.000000;85.753000;8;0;1;1;0;1;0;0;2;4.460314;36190;40800;98211;0;0;0;0;0;0;22067;12337;2;0;40;40;0;30;510;90;114400.000000;372;55333.333333
2x;efficient;Nsfnet_14_21;10;12.000000;12.000000;0.000000;0.146000;8;0;1;1;0;1;0;0;2;0.063952;1486;3000;6915;0;0;0;0;0;0;0;-1133871366;0;0;10;10;0;12;117;20;25200.000000;96;12383.333333
2x;efficient;European_18_40;80-b;1065.000000;1065.000000;0.000000;14.872000;3;0;1;1;0;1;0;0;2;81.046322;198459;212880;825541;0;0;0;0;0;0;21874;50;1;0;80;80;0;160;4994;185;120305.000000;1065;77133.333333
2x;efficient;Nsfnet_14_21;90;924.000000;924.000000;0.000000;10.995000;3;0;1;1;0;1;0;0;2;44.973319;156015;199710;524385;0;0;0;0;0;0;21948;53;1;0;90;90;0;180;3386;199;228900.000000;924;113150.000000
2x;efficient;Nsfnet_14_21;50;54.000000;54.000000;0.000000;261.858000;8;0;1;1;0;1;0;0;2;7.244542;40961;63000;169040;0;0;0;0;0;0;21867;56;1;0;50;50;0;54;972;115;120600.000000;567;60350.000000
2x;efficient;European_18_40;30-b;30.000000;30.000000;0.000000;4.277000;8;0;1;1;0;1;0;0;2;4.026009;18976;31860;125025;0;0;0;0;0;0;22045;12849;2;0;30;30;0;30;596;74;35898.000000;444;26866.666667
2x;efficient;European_18_40;30;24.000000;24.000000;0.000000;4.642000;8;0;1;1;0;1;0;0;2;3.897916;18041;31860;125960;0;0;0;0;0;0;21973;12593;2;0;30;30;0;24;563;70;41710.000000;420;29116.666667
2x;efficient;European_18_40;40-b;24.000000;24.000000;0.000000;179.452000;8;0;1;1;0;1;0;0;2;10.168929;42301;55280;213700;0;0;0;0;0;0;21981;-16762831;2;0;40;40;0;24;712;98;56909.000000;588;38433.333333
2x;efficient;Nsfnet_14_21;100-b;1059.000000;1059.000000;0.000000;12.576000;3;0;1;1;0;1;0;0;2;60.016670;192282;245900;647718;0;0;0;0;0;0;22068;54;1;0;100;100;0;200;3981;226;254100.000000;1059;125133.333333
2x;efficient;European_18_40;60-b;759.000000;759.000000;0.000000;5.486000;3;0;1;1;0;1;0;0;2;32.464142;96637;121260;479363;0;0;0;0;0;0;22037;-16763855;2;0;60;60;0;120;3994;131;81854.000000;759;55116.666667
2x;efficient;Nsfnet_14_21;60-b;54.000000;54.000000;0.000000;1043.592000;8;0;1;1;0;1;0;0;2;13.669700;71285;90000;231116;0;0;0;0;0;0;22073;13361;2;0;60;60;0;54;1001;139;157100.000000;657;76550.000000
2x;efficient;European_18_40;10-b;96.000000;96.000000;0.000000;0.095000;3;0;1;1;0;1;0;0;2;0.145307;2208;4210;13792;0;0;0;0;0;0;0;1676657344;0;0;10;10;0;20;250;17;9902.000000;96;7500.000000
2x;efficient;European_18_40;20-b;18.000000;18.000000;0.000000;1.249000;8;0;1;1;0;1;0;0;2;1.098634;7036;14840;56965;0;0;0;0;0;0;21865;12337;2;0;20;20;0;18;311;44;23695.000000;264;18150.000000
2x;efficient;European_18_40;10;12.000000;12.000000;0.000000;0.077000;8;0;1;1;0;1;0;0;2;0.122103;1126;4220;14875;0;0;0;0;0;0;22038;808333362;4;0;10;10;0;12;132;22;10798.000000;132;8416.666667
2x;efficient;Nsfnet_14_21;70-b;96.000000;96.000000;0.000000;1351.639000;8;0;1;1;0;1;0;0;2;20.362534;88726;121800;322875;0;0;0;0;0;0;22083;12337;2;0;70;70;0;96;1569;170;178900.000000;810;89483.333333
2x;efficient;Nsfnet_14_21;60;102.000000;102.000000;0.000000;1525.315000;8;0;1;1;0;1;0;0;2;13.315989;69174;90000;233227;0;0;0;0;0;0;21933;13105;2;0;60;60;0;102;1750;156;159700.000000;756;77800.000000
2x;efficient;Nsfnet_14_21;30;30.000000;30.000000;0.000000;2.119000;8;0;1;1;0;1;0;0;2;1.416025;11375;23400;64226;0;0;0;0;0;0;21906;-16764879;2;0;30;30;0;30;531;61;62400.000000;309;33433.333333
2x;efficient;European_18_40;50-b;30.000000;30.000000;0.000000;2070.355000;8;0;1;1;0;1;0;0;2;18.851752;68513;85100;331488;0;0;0;0;0;0;21888;-65486;1;0;50;50;0;30;1002;134;76106.000000;795;51450.000000
2x;efficient;Nsfnet_14_21;70;66.000000;66.000000;0.000000;2450.398000;8;0;1;1;0;1;0;0;2;19.334163;76798;121800;334803;0;0;0;0;0;0;22014;12849;2;0;70;70;0;66;1132;153;163000.000000;762;82866.666667
2x;efficient;Nsfnet_14_21;80;108.000000;108.000000;0.000000;2527.618000;8;0;1;1;0;1;0;0;2;28.454701;101988;158400;435613;0;0;0;0;0;0;22019;12593;2;0;80;80;0;108;1930;194;186400.000000;966;97833.333333
2x;random;Nsfnet_14_21;50-b;395.000000;395.000000;0.000000;1.946000;3;0;1;1;0;1;0;0;2;7.530565;48062;62950;161938;0;0;0;0;0;0;21999;52;1;0;50;50;0;100;1982;104;115100.000000;395;55766.666667
2x;efficient;German_17_26;10;168.000000;168.000000;0.000000;0.105000;3;0;1;1;0;1;0;0;2;0.112489;1635;3720;8765;0;0;0;0;0;0;993016624;925904944;808729392;774912816;10;10;0;20;285;28;5460.000000;168;6466.666667
2x;maxData200;European_18_40;100;1096.000000;1096.000000;0.000000;41.860000;3;0;1;1;0;1;0;0;2;133.545709;452610;330100;1147390;0;0;0;0;0;0;21915;55;1;0;100;100;0;200;6290;218;146826.000000;1096;81783.333333
2x;random;Nsfnet_14_21;70;587.000000;587.000000;0.000000;4.509000;3;0;1;1;0;1;0;0;2;20.903807;93674;121730;317926;0;0;0;0;0;0;21907;12849;2;0;70;70;0;140;2834;145;164800.000000;587;78450.000000
2x;random;German_17_26;100-b;1261.000000;1261.000000;0.000000;102.537000;3;0;1;1;0;1;0;0;2;151.827846;566726;307200;473274;0;0;0;0;0;0;21924;12593;2;0;100;100;0;200;4627;279;50808.000000;1261;49383.333333
2x;efficient;Nsfnet_14_21;80-b;84.000000;84.000000;0.000000;6847.484000;8;0;1;1;0;1;0;0;2;30.107783;114673;158400;422928;0;0;0;0;0;0;21851;52;1;0;80;80;0;84;1460;191;193100.000000;912;101716.666667
2x;efficient;European_18_40;40;27.000000;27.000000;0.000000;7312.015000;8;0;1;1;0;1;0;0;2;9.522899;37639;55280;218362;0;0;0;0;0;0;21930;-65481;1;0;40;40;0;27;724;94;51129.000000;546;35950.000000
2x;efficient;European_18_40;60;48.000000;48.000000;0.000000;9698.068000;8;0;1;1;0;1;0;0;2;33.061417;88620;121320;487381;0;0;0;0;0;0;22073;-65479;1;0;60;60;0;48;1325;158;85659.000000;927;60400.000000
2x;efficient;European_18_40;60-b;36.000000;36.000000;0.000000;12469.928000;8;0;1;1;0;1;0;0;2;34.625650;96638;121320;479363;0;0;0;0;0;0;22060;-16763855;2;0;60;60;0;36;1124;144;83844.000000;834;57016.666667
2x;efficient;European_18_40;50;30.000000;18.000000;40.000000;14401.925000;8;0;1;1;0;1;0;0;2;18.006842;55694;85100;344307;0;0;0;0;0;0;22043;-16763855;2;0;50;50;0;30;882;115;70590.000000;678;45816.666667
2x;efficient;Nsfnet_14_21;90-b;84.000000;44.381517;47.164860;14400.103000;8;0;1;1;0;1;0;0;2;43.457182;145777;199800;534624;0;0;0;0;0;0;21880;53;1;0;90;90;0;84;1618;208;225700.000000;978;113866.666667
2x;random;European_18_40;50;477.000000;477.000000;0.000000;7.226000;3;0;1;1;0;1;0;0;2;20.836291;82366;85050;317634;0;0;0;0;0;0;22049;-16763855;2;0;50;50;0;100;3378;108;68523.000000;477;39116.666667
2x;efficient;Nsfnet_14_21;100;96.000000;51.339230;46.521635;14400.148000;8;0;1;1;0;1;0;0;2;59.613101;178450;246000;661551;0;0;0;0;0;0;21896;57;1;0;100;100;0;96;1844;227;247600.000000;1065;125300.000000
2x;efficient;European_18_40;70-b;36.000000;30.000000;16.666667;14400.076000;8;0;1;1;0;1;0;0;2;50.588023;109558;163940;674443;0;0;0;0;0;0;0;-1133871366;0;-1;70;70;0;36;1057;144;86679.000000;843;61516.666667
2x;efficient;Nsfnet_14_21;100-b;96.000000;51.222113;46.643633;14400.202000;8;0;1;1;0;1;0;0;2;63.624820;192283;246000;647718;0;0;0;0;0;0;21934;54;1;0;100;100;0;96;1907;247;268200.000000;1134;131933.333333
2x;efficient;European_18_40;90-b;55.000000;27.473684;50.047847;14400.328000;8;0;1;1;0;1;0;0;2;116.860595;228198;268380;1067803;0;0;0;0;0;0;21949;57;1;0;90;90;0;55;1958;232;136750.000000;1329;94000.000000
2x;efficient;German_17_26;60-b;918.000000;918.000000;0.000000;3.670000;3;0;1;1;0;1;0;0;2;24.337890;63825;112320;310575;0;0;0;0;0;0;21857;49;1;0;60;60;0;120;2904;153;26833.000000;918;33783.333333
2x;efficient;European_18_40;90;42.000000;36.000000;14.285714;14400.124000;8;0;1;1;0;1;0;0;2;99.983629;166951;268380;1129050;0;0;0;0;0;0;22009;53;1;0;90;90;0;42;1417;199;117005.000000;1194;81183.333333
2x;efficient;German_17_26;100-b;1680.000000;1680.000000;0.000000;80.145000;3;0;1;1;0;1;0;0;2;127.551268;235755;307200;804245;0;0;0;0;0;0;22053;12593;2;0;100;100;0;200;4896;280;51389.000000;1680;61950.000000
2x;efficient;European_18_40;100-b;81.000000;39.200000;51.604938;14400.183000;8;0;1;1;0;1;0;0;2;144.053191;226993;330200;1373008;0;0;0;0;0;0;21921;13105;2;0;100;100;0;81;2593;258;143628.000000;1536;101833.333333
2x;efficient;European_18_40;70;54.000000;28.890167;46.499691;14400.118000;8;0;1;1;0;1;0;0;2;51.928826;113344;163940;670657;0;0;0;0;0;0;0;-1133871366;0;-1;70;70;0;54;1816;185;109394.000000;1098;71233.333333
2x;efficient;German_17_26;30-b;504.000000;504.000000;0.000000;1.734000;3;0;1;1;0;1;0;0;2;3.358689;19910;29160;73690;0;0;0;0;0;0;21877;13873;2;0;30;30;0;60;1198;84;15584.000000;504;18283.333333
2x;efficient;European_18_40;80-b;55.000000;23.470588;57.326203;14400.286000;8;0;1;1;0;1;0;0;2;81.086155;198460;212960;825541;0;0;0;0;0;0;21995;50;1;0;80;80;0;55;1576;205;121470.000000;1185;79683.333333
2x;efficient;European_18_40;80;48.000000;24.398811;49.169144;14400.140000;8;0;1;1;0;1;0;0;2;77.234149;172982;212960;851019;0;0;0;0;0;0;22098;50;1;0;80;80;0;48;1465;199;118912.000000;1164;80233.333333
2x;random;German_17_26;70;806.000000;806.000000;0.000000;25.219000;3;0;1;1;0;1;0;0;2;53.670088;262360;152040;247240;0;0;0;0;0;0;21852;53;1;0;70;70;0;140;3451;196;33420.000000;806;32950.000000
2x;random;Nsfnet_14_21;10-b;9.000000;9.000000;0.000000;0.193000;8;0;1;1;0;1;0;0;2;0.076819;2242;3000;6159;0;0;0;0;0;0;0;-1133871366;0;0;10;10;0;9;114;28;26900.000000;102;12733.333333
2x;maxData200;European_18_40;30-b;331.000000;331.000000;0.000000;3.451000;3;0;1;1;0;1;0;0;2;3.815825;35983;31830;108017;0;0;0;0;0;0;21908;12849;2;0;30;30;0;60;1445;66;35536.000000;331;21733.333333
2x;random;Nsfnet_14_21;100;842.000000;842.000000;0.000000;11.882000;3;0;1;1;0;1;0;0;2;59.970956;194254;245900;645746;0;0;0;0;0;0;21944;57;1;0;100;100;0;200;4162;214;241100.000000;842;115083.333333
2x;random;Nsfnet_14_21;50-b;33.000000;33.000000;0.000000;427.232000;8;0;1;1;0;1;0;0;2;7.771677;48063;63000;161938;0;0;0;0;0;0;21963;52;1;0;50;50;0;33;642;119;125200.000000;446;60700.000000
2x;random;German_17_26;10-b;13.000000;13.000000;0.000000;3.942000;8;0;1;1;0;1;0;0;2;0.160293;3845;3730;6556;0;0;0;0;0;0;859517243;993082165;808465467;825962544;10;10;0;13;256;43;7060.000000;218;7166.666667
2x;efficient;Nsfnet_14_21;90;84.000000;54.000000;35.714286;14400.098000;8;0;1;1;0;1;0;0;2;43.967989;156016;199800;524385;0;0;0;0;0;0;22042;53;1;0;90;90;0;84;1580;225;251500.000000;1005;123616.666667
2x;maxData200;European_18_40;90;939.000000;939.000000;0.000000;25.750000;3;0;1;1;0;1;0;0;2;105.197864;253099;268290;1042901;0;0;0;0;0;0;22065;53;1;0;90;90;0;180;5490;186;115999.000000;939;68600.000000
2x;random;European_18_40;30;21.000000;21.000000;0.000000;509.070000;8;0;1;1;0;1;0;0;2;4.418255;29609;31860;114392;0;0;0;0;0;0;21862;12593;2;0;30;30;0;21;492;80;42746.000000;393;27250.000000
2x;random;Nsfnet_14_21;20;15.000000;15.000000;0.000000;2.119000;8;0;1;1;0;1;0;0;2;0.561898;9319;10800;24282;0;0;0;0;0;0;0;-1133871366;0;993013809;20;20;0;15;253;52;57700.000000;211;26766.666667
2x;efficient;European_18_40;100;67.000000;25.441081;62.028237;14400.197000;8;0;1;1;0;1;0;0;2;157.472446;326887;330200;1273114;0;0;0;0;0;0;22078;55;1;0;100;100;0;67;2018;248;149423.000000;1422;98466.666667
2x;efficient;German_17_26;100;108.000000;54.044701;49.958610;14400.106000;8;0;1;1;0;1;0;0;2;110.924070;149761;307300;890240;0;0;0;0;0;0;21980;56;1;0;100;100;0;108;2603;274;47433.000000;1644;61433.333333
2x;maxData200;European_18_40;30;24.000000;24.000000;0.000000;1165.045000;8;0;1;1;0;1;0;0;2;4.650026;33771;31860;110230;0;0;0;0;0;0;22056;12593;2;0;30;30;0;24;622;77;42443.000000;408;24833.333333
2x;random;German_17_26;10;10.000000;10.000000;0.000000;1.485000;8;0;1;1;0;1;0;0;2;0.164082;4395;3730;6006;0;0;0;0;0;0;809187131;809185328;809185339;876294203;10;10;0;10;202;34;6049.000000;163;6433.333333
2x;random;European_18_40;20-b;12.000000;12.000000;0.000000;2.987000;8;0;1;1;0;1;0;0;2;1.432926;14922;14840;49079;0;0;0;0;0;0;21900;12337;2;0;20;20;0;12;264;55;27070.000000;222;15516.666667
2x;random;European_18_40;100;971.000000;971.000000;0.000000;25.798000;3;0;1;1;0;1;0;0;2;166.536433;411223;330100;1188777;0;0;0;0;0;0;21936;55;1;0;100;100;0;200;7351;221;144321.000000;971;81166.666667
2x;random;German_17_26;20;267.000000;267.000000;0.000000;0.719000;3;0;1;1;0;1;0;0;2;1.042637;13091;13440;28509;0;0;0;0;0;0;21909;54;1;0;20;20;0;40;823;53;9547.000000;267;10633.333333
2x;efficient;German_17_26;70-b;72.000000;72.000000;0.000000;9541.528000;8;0;1;1;0;1;0;0;2;41.202671;80731;152110;428870;0;0;0;0;0;0;22068;13873;2;0;70;70;0;72;1687;194;32827.000000;1164;42883.333333
2x;random;Nsfnet_14_21;30-b;31.000000;31.000000;0.000000;11.003000;8;0;1;1;0;1;0;0;2;1.788126;18274;23400;57327;0;0;0;0;0;0;21933;-65480;1;0;30;30;0;31;456;69;72400.000000;250;35366.666667
2x;random;Nsfnet_14_21;40-b;43.000000;43.000000;0.000000;13.627000;8;0;1;1;0;1;0;0;2;3.967283;28995;40800;105406;0;0;0;0;0;0;21994;56;1;0;40;40;0;43;629;98;100000.000000;403;48400.000000
2x;random;German_17_26;60;655.000000;655.000000;0.000000;16.613000;3;0;1;1;0;1;0;0;2;31.392348;177812;112320;196588;0;0;0;0;0;0;22026;805319729;2;0;60;60;0;120;2710;157;26307.000000;655;27133.333333
2x;random;German_17_26;100;1150.000000;1150.000000;0.000000;94.395000;3;0;1;1;0;1;0;0;2;147.633430;498716;307200;541284;0;0;0;0;0;0;22016;56;1;0;100;100;0;200;4858;256;46351.000000;1150;46916.666667
2x;random;Nsfnet_14_21;40;30.000000;30.000000;0.000000;41.760000;8;0;1;1;0;1;0;0;2;4.549524;37306;40800;97095;0;0;0;0;0;0;21924;805318705;2;0;40;40;0;30;475;91;109700.000000;348;52350.000000
2x;efficient;German_17_26;80-b;90.000000;47.162791;47.596899;14400.141000;8;0;1;1;0;1;0;0;2;61.812991;138571;197840;527030;0;0;0;0;0;0;21888;12593;2;0;80;80;0;90;2210;255;44697.000000;1530;54600.000000
2x;random;German_17_26;90;-1.000000;30.585799;0.000000;14400.281000;8;0;1;1;0;1;0;0;2;101.634532;394139;249570;448262;0;0;0;0;0;0;21985;13873;2;0;0;0;0;923161808;21985;1;0.000000;0;0.000000
2x;random;European_18_40;90;849.000000;849.000000;0.000000;19.224000;3;0;1;1;0;1;0;0;2;112.910597;279466;268290;1016534;0;0;0;0;0;0;21869;53;1;0;90;90;0;180;6360;185;118439.000000;849;71433.333333
2x;maxData200;European_18_40;10;83.000000;83.000000;0.000000;0.099000;3;0;1;1;0;1;0;0;2;0.122277;2246;4210;13754;0;0;0;0;0;0;22025;808333362;4;0;10;10;0;20;149;17;10750.000000;83;6550.000000
2x;random;German_17_26;40;35.000000;17.760870;49.254658;14400.079000;8;0;1;1;0;1;0;0;2;9.915111;87825;50920;78576;0;0;0;0;0;0;21859;805319217;2;0;40;40;0;35;799;125;22175.000000;524;20400.000000
2x;random;European_18_40;30-b;15.000000;15.000000;0.000000;281.968000;8;0;1;1;0;1;0;0;2;4.910743;42970;31860;101031;0;0;0;0;0;0;21908;12849;2;0;30;30;0;15;422;77;42759.000000;338;25100.000000
2x;efficient;German_17_26;20;24.000000;24.000000;0.000000;3.016000;8;0;1;1;0;1;0;0;2;0.945562;7491;13460;34110;0;0;0;0;0;0;22013;54;1;0;20;20;0;24;431;56;8828.000000;336;11316.666667
2x;random;European_18_40;30;345.000000;345.000000;0.000000;1.797000;3;0;1;1;0;1;0;0;2;4.413564;29608;31830;114392;0;0;0;0;0;0;22010;12593;2;0;30;30;0;60;1444;68;39883.000000;345;25216.666667
2x;random;Nsfnet_14_21;60;78.000000;78.000000;0.000000;2982.372000;8;0;1;1;0;1;0;0;2;13.894459;79113;90000;223288;0;0;0;0;0;0;21917;805319473;2;0;60;60;0;78;1252;162;165500.000000;675;78733.333333
2x;efficient;German_17_26;90-b;1524.000000;1524.000000;0.000000;28.980000;3;0;1;1;0;1;0;0;2;89.941924;209475;249480;632925;0;0;0;0;0;0;21973;13617;2;0;90;90;0;180;4273;254;48843.000000;1524;57300.000000
2x;maxData200;European_18_40;30-b;18.000000;18.000000;0.000000;1591.164000;8;0;1;1;0;1;0;0;2;3.541204;35984;31860;108017;0;0;0;0;0;0;21908;12849;2;0;30;30;0;18;452;72;36994.000000;367;22600.000000
2x;random;German_17_26;20-b;212.000000;212.000000;0.000000;0.804000;3;0;1;1;0;1;0;0;2;1.076464;16330;13440;25270;0;0;0;0;0;0;21875;56;1;0;20;20;0;40;664;49;7769.000000;212;8550.000000
2x;random;European_18_40;50-b;469.000000;469.000000;0.000000;6.934000;3;0;1;1;0;1;0;0;2;20.660502;105344;85050;294656;0;0;0;0;0;0;21966;-65486;1;0;50;50;0;100;3225;111;74608.000000;469;41666.666667
2x;random;Nsfnet_14_21;50;443.000000;443.000000;0.000000;1.786000;3;0;1;1;0;1;0;0;2;8.151435;45508;62950;164492;0;0;0;0;0;0;21937;808321080;1;0;50;50;0;100;1868;107;116400.000000;443;55550.000000
2x;random;German_17_26;50-b;614.000000;614.000000;0.000000;9.837000;3;0;1;1;0;1;0;0;2;18.632689;125447;78600;134553;0;0;0;0;0;0;22014;49;1;0;50;50;0;100;2149;133;24644.000000;614;24383.333333
2x;random;German_17_26;80-b;982.000000;982.000000;0.000000;62.374000;3;0;1;1;0;1;0;0;2;80.127627;387999;197760;277601;0;0;0;0;0;0;22063;12593;2;0;80;80;0;160;3778;234;42143.000000;982;40550.000000
2x;efficient;German_17_26;90;1392.000000;1392.000000;0.000000;13.630000;3;0;1;1;0;1;0;0;2;81.512159;148750;249480;693650;0;0;0;0;0;0;21861;13873;2;0;90;90;0;180;4440;232;39263.000000;1392;49600.000000
2x;random;Nsfnet_14_21;70;40.000000;40.000000;0.000000;6689.517000;8;0;1;1;0;1;0;0;2;21.967104;93675;121800;317926;0;0;0;0;0;0;21859;12849;2;0;70;70;0;40;806;160;174500.000000;635;83183.333333
2x;maxData200;European_18_40;20-b;12.000000;12.000000;0.000000;4.736000;8;0;1;1;0;1;0;0;2;1.301463;12282;14840;51719;0;0;0;0;0;0;22007;12337;2;0;20;20;0;12;289;47;25014.000000;235;15716.666667
2x;random;European_18_40;60-b;599.000000;599.000000;0.000000;16.262000;3;0;1;1;0;1;0;0;2;37.563967;137678;121260;438322;0;0;0;0;0;0;21911;-16763855;2;0;60;60;0;120;3907;130;85376.000000;599;50000.000000
2x;random;German_17_26;10;131.000000;131.000000;0.000000;0.291000;3;0;1;1;0;1;0;0;2;0.167143;4394;3720;6006;0;0;0;0;0;0;809187131;809185328;809185339;876294203;10;10;0;20;255;28;5492.000000;131;5750.000000
2x;random;Nsfnet_14_21;80-b;78.000000;78.000000;0.000000;8076.957000;8;0;1;1;0;1;0;0;2;30.389863;120793;158400;416808;0;0;0;0;0;0;22084;52;1;0;80;80;0;78;1369;201;198100.000000;835;97183.333333
2x;efficient;German_17_26;10;12.000000;12.000000;0.000000;0.122000;8;0;1;1;0;1;0;0;2;0.112303;1636;3730;8765;0;0;0;0;0;0;993016624;925904944;808729392;774912816;10;10;0;12;204;29;5184.000000;174;6416.666667
2x;random;German_17_26;60;96.000000;25.943262;72.975768;14400.193000;8;0;1;1;0;1;0;0;2;30.381929;177813;112380;196588;0;0;0;0;0;0;21849;805319729;2;0;60;60;0;96;1990;205;34057.000000;838;34133.333333
2x;random;Nsfnet_14_21;30;211.000000;211.000000;0.000000;0.487000;3;0;1;1;0;1;0;0;2;1.550526;14482;23370;61118;0;0;0;0;0;0;22024;-16764879;2;0;30;30;0;60;1032;57;63400.000000;211;30583.333333
2x;maxData200;European_18_40;30;354.000000;354.000000;0.000000;2.098000;3;0;1;1;0;1;0;0;2;4.371872;33770;31830;110230;0;0;0;0;0;0;22016;12593;2;0;30;30;0;60;1450;67;39454.000000;354;22850.000000
2x;random;Nsfnet_14_21;80;87.000000;51.076759;41.291082;14400.105000;8;0;1;1;0;1;0;0;2;31.650679;119801;158400;417800;0;0;0;0;0;0;21877;12593;2;0;80;80;0;87;1472;194;194400.000000;835;95400.000000
2x;efficient;German_17_26;60;942.000000;942.000000;0.000000;6.090000;3;0;1;1;0;1;0;0;2;24.969615;64055;112320;310345;0;0;0;0;0;0;22089;13361;2;0;60;60;0;120;2762;157;26979.000000;942;34516.666667
2x;random;German_17_26;10-b;153.000000;153.000000;0.000000;0.205000;3;0;1;1;0;1;0;0;2;0.151703;3844;3720;6556;0;0;0;0;0;0;859517243;993082165;808465467;825962544;10;10;0;20;244;29;4825.000000;153;5233.333333
2x;maxData200;European_18_40;40;22.000000;22.000000;0.000000;10120.604000;8;0;1;1;0;1;0;0;2;8.229385;49193;55280;206808;0;0;0;0;0;0;21868;-65481;1;0;40;40;0;22;635;99;54343.000000;466;33900.000000
2x;random;Nsfnet_14_21;20-b;29.000000;29.000000;0.000000;2.449000;8;0;1;1;0;1;0;0;2;0.518881;7316;10800;26285;0;0;0;0;0;0;0;-1133871366;0;859517243;20;20;0;29;382;52;47300.000000;203;22333.333333
2x;random;European_18_40;20;188.000000;188.000000;0.000000;0.412000;3;0;1;1;0;1;0;0;2;1.214655;9755;14820;54245;0;0;0;0;0;0;22035;55;1;0;20;20;0;40;745;43;24253.000000;188;14850.000000
2x;maxData200;European_18_40;20-b;185.000000;185.000000;0.000000;0.832000;3;0;1;1;0;1;0;0;2;1.241000;12281;14820;51719;0;0;0;0;0;0;21914;12337;2;0;20;20;0;40;765;38;21947.000000;185;13983.333333
2x;random;German_17_26;60-b;700.000000;700.000000;0.000000;26.151000;3;0;1;1;0;1;0;0;2;30.908920;159685;112320;214715;0;0;0;0;0;0;21987;49;1;0;60;60;0;120;2799;153;26843.000000;700;29100.000000
2x;random;European_18_40;10-b;6.000000;6.000000;0.000000;0.265000;8;0;1;1;0;1;0;0;2;0.206325;4152;4220;11849;0;0;0;0;0;0;21993;808333362;4;0;10;10;0;6;75;20;11098.000000;75;6450.000000
2x;random;Nsfnet_14_21;60-b;539.000000;539.000000;0.000000;5.008000;3;0;1;1;0;1;0;0;2;14.855457;80053;89940;222347;0;0;0;0;0;0;21891;13361;2;0;60;60;0;120;2414;136;158600.000000;539;74483.333333
2x;maxData200;European_18_40;60-b;624.000000;624.000000;0.000000;11.904000;3;0;1;1;0;1;0;0;2;28.331290;118429;121260;457571;0;0;0;0;0;0;22016;-16763855;2;0;60;60;0;120;3919;131;82547.000000;624;49533.333333
2x;random;German_17_26;30-b;389.000000;389.000000;0.000000;2.832000;3;0;1;1;0;1;0;0;2;3.815590;37309;29160;56291;0;0;0;0;0;0;22042;13873;2;0;30;30;0;60;1306;84;15134.000000;389;15933.333333
2x;random;European_18_40;60;634.000000;634.000000;0.000000;11.145000;3;0;1;1;0;1;0;0;2;38.927268;157303;121260;418697;0;0;0;0;0;0;22080;-65479;1;0;60;60;0;120;3860;136;84813.000000;634;50016.666667
2x;random;German_17_26;70-b;821.000000;821.000000;0.000000;32.781000;3;0;1;1;0;1;0;0;2;49.077893;208829;152040;300771;0;0;0;0;0;0;21923;13873;2;0;70;70;0;140;2795;180;31805.000000;821;33683.333333
2x;maxData200;European_18_40;40-b;460.000000;460.000000;0.000000;6.524000;3;0;1;1;0;1;0;0;2;8.618408;61599;55240;194401;0;0;0;0;0;0;21988;-16762831;2;0;40;40;0;80;2258;88;55280.000000;460;31700.000000
2x;random;European_18_40;40;385.000000;385.000000;0.000000;7.019000;3;0;1;1;0;1;0;0;2;11.641789;72127;55240;183873;0;0;0;0;0;0;21870;-65481;1;0;40;40;0;80;2060;86;51436.000000;385;30000.000000
2x;random;European_18_40;10;68.000000;68.000000;0.000000;0.070000;3;0;1;1;0;1;0;0;2;0.151069;1529;4210;14471;0;0;0;0;0;0;21943;808333362;4;0;10;10;0;20;180;18;9430.000000;68;6050.000000
2x;efficient;German_17_26;10-b;180.000000;180.000000;0.000000;0.059000;3;0;1;1;0;1;0;0;2;0.107391;1065;3720;9335;0;0;0;0;0;0;808465467;808333371;808333371;892809264;10;10;0;20;287;30;4896.000000;180;6316.666667
2x;maxData200;European_18_40;40;411.000000;411.000000;0.000000;4.579000;3;0;1;1;0;1;0;0;2;8.093590;49192;55240;206808;0;0;0;0;0;0;22035;-65481;1;0;40;40;0;80;1822;87;49959.000000;411;30966.666667
2x;efficient;German_17_26;80;1302.000000;1302.000000;0.000000;13.846000;3;0;1;1;0;1;0;0;2;60.213504;106020;197760;559580;0;0;0;0;0;0;21885;57;1;0;80;80;0;160;3593;217;39635.000000;1302;49650.000000
2x;random;European_18_40;30-b;287.000000;287.000000;0.000000;2.813000;3;0;1;1;0;1;0;0;2;5.052106;42969;31830;101031;0;0;0;0;0;0;21970;12849;2;0;30;30;0;60;1292;65;37098.000000;287;21850.000000
2x;random;Nsfnet_14_21;10-b;93.000000;93.000000;0.000000;0.137000;3;0;1;1;0;1;0;0;2;0.077551;2241;2990;6159;0;0;0;0;0;0;0;-1133871366;0;0;10;10;0;20;259;25;27200.000000;93;12733.333333
2x;random;German_17_26;40-b;460.000000;460.000000;0.000000;13.112000;3;0;1;1;0;1;0;0;2;10.573662;96531;50880;69869;0;0;0;0;0;0;21855;54;1;0;40;40;0;80;1692;113;21624.000000;460;19750.000000
2x;random;European_18_40;40;19.000000;12.388976;34.794865;14400.074000;8;0;1;1;0;1;0;0;2;11.176337;72128;55280;183873;0;0;0;0;0;0;22032;-65481;1;0;40;40;0;19;541;102;57620.000000;460;34350.000000
2x;maxData200;European_18_40;90-b;180.000000;22.208029;87.662206;14400.347000;8;0;1;1;0;1;0;0;2;95.654709;367887;268380;928114;0;0;0;0;0;0;22007;57;1;0;90;90;0;180;5751;236;136949.000000;1198;78750.000000
2x;random;Nsfnet_14_21;90;739.000000;739.000000;0.000000;10.879000;3;0;1;1;0;1;0;0;2;47.166991;183974;199710;496426;0;0;0;0;0;0;22092;53;1;0;90;90;0;180;3745;196;233600.000000;739;109250.000000
2x;efficient;German_17_26;20-b;300.000000;300.000000;0.000000;0.155000;3;0;1;1;0;1;0;0;2;0.837615;3920;13440;37680;0;0;0;0;0;0;21988;56;1;0;20;20;0;40;802;50;7542.000000;300;10800.000000
2x;random;Nsfnet_14_21;90;61.000000;28.138817;53.870792;14400.128000;8;0;1;1;0;1;0;0;2;47.565476;183975;199800;496426;0;0;0;0;0;0;21929;53;1;0;90;90;0;61;1233;241;261900.000000;877;122950.000000
2x;random;Nsfnet_14_21;70-b;625.000000;625.000000;0.000000;5.362000;3;0;1;1;0;1;0;0;2;21.370640;99812;121730;311788;0;0;0;0;0;0;21918;12337;2;0;70;70;0;140;2861;157;178800.000000;625;84200.000000
2x;random;Nsfnet_14_21;100-b;78.000000;38.811189;50.242066;14400.182000;8;0;1;1;0;1;0;0;2;66.060239;210937;246000;629064;0;0;0;0;0;0;21987;54;1;0;100;100;0;78;1538;245;276200.000000;930;130366.666667
2x;random;European_18_40;70;807.000000;807.000000;0.000000;12.200000;3;0;1;1;0;1;0;0;2;54.561203;178182;163870;605818;0;0;0;0;0;0;0;-1133871366;0;-1;70;70;0;140;5019;164;104952.000000;807;60150.000000
2x;random;Nsfnet_14_21;30-b;241.000000;241.000000;0.000000;0.579000;3;0;1;1;0;1;0;0;2;1.710291;18273;23370;57327;0;0;0;0;0;0;21903;-65480;1;0;30;30;0;60;1047;66;72900.000000;241;35400.000000
2x;efficient;German_17_26;10-b;18.000000;18.000000;0.000000;0.061000;8;0;1;1;0;1;0;0;2;0.100490;1066;3730;9335;0;0;0;0;0;0;808465467;808333371;808333371;892809264;10;10;0;18;236;32;4887.000000;192;6416.666667
2x;maxData200;European_18_40;80-b;939.000000;939.000000;0.000000;26.671000;3;0;1;1;0;1;0;0;2;67.633597;281545;212880;742455;0;0;0;0;0;0;21923;50;1;0;80;80;0;160;5471;185;119451.000000;939;66883.333333
2x;random;Nsfnet_14_21;30;27.000000;27.000000;0.000000;0.932000;8;0;1;1;0;1;0;0;2;1.561135;14483;23400;61118;0;0;0;0;0;0;22010;-16764879;2;0;30;30;0;27;358;60;66700.000000;220;32050.000000
2x;random;German_17_26;50;589.000000;589.000000;0.000000;10.309000;3;0;1;1;0;1;0;0;2;17.074386;107624;78600;152376;0;0;0;0;0;0;21861;808321079;1;0;50;50;0;100;2351;126;21062.000000;589;22650.000000
2x;random;German_17_26;90-b;-1.000000;39.077273;0.000000;14400.325000;8;0;1;1;0;1;0;0;2;110.735079;461702;249570;380699;0;0;0;0;0;0;21961;13617;2;0;0;0;0;2053387488;21961;1;0.000000;0;0.000000
2x;random;Nsfnet_14_21;20;199.000000;199.000000;0.000000;0.316000;3;0;1;1;0;1;0;0;2;0.565190;9318;10780;24282;0;0;0;0;0;0;0;-1133871366;0;993013809;20;20;0;40;633;49;55400.000000;199;25633.333333
2x;random;German_17_26;70;140.000000;27.046980;80.680729;14400.283000;8;0;1;1;0;1;0;0;2;52.600690;262361;152110;247240;0;0;0;0;0;0;21894;53;1;0;70;70;0;140;3485;248;40170.000000;1013;39500.000000
2x;random;Nsfnet_14_21;40-b;385.000000;385.000000;0.000000;1.198000;3;0;1;1;0;1;0;0;2;4.001589;28994;40760;105406;0;0;0;0;0;0;22084;56;1;0;40;40;0;80;1601;92;95600.000000;385;46466.666667
2x;maxData200;European_18_40;80;158.000000;19.121739;87.897633;14400.214000;8;0;1;1;0;1;0;0;2;81.806041;260145;212960;763856;0;0;0;0;0;0;21914;50;1;0;80;80;0;158;3042;210;117786.000000;1061;69116.666667
2x;efficient;German_17_26;100;1548.000000;1548.000000;0.000000;17.163000;3;0;1;1;0;1;0;0;2;115.360011;149760;307200;890240;0;0;0;0;0;0;22022;56;1;0;100;100;0;200;5087;258;44817.000000;1548;58450.000000
2x;random;European_18_40;100-b;1043.000000;1043.000000;0.000000;36.165000;3;0;1;1;0;1;0;0;2;160.880509;383014;330100;1216986;0;0;0;0;0;0;22061;13105;2;0;100;100;0;200;6424;227;138497.000000;1043;82766.666667
2x;maxData200;European_18_40;60;701.000000;701.000000;0.000000;15.811000;3;0;1;1;0;1;0;0;2;29.795669;152026;121260;423974;0;0;0;0;0;0;22034;-65479;1;0;60;60;0;120;3289;137;87634.000000;701;49450.000000
2x;random;Nsfnet_14_21;100;74.000000;39.648649;46.420745;14400.079000;8;0;1;1;0;1;0;0;2;59.876682;194255;246000;645746;0;0;0;0;0;0;21937;57;1;0;100;100;0;74;1497;222;246700.000000;866;117583.333333
2x;random;Nsfnet_14_21;10;9.000000;9.000000;0.000000;0.094000;8;0;1;1;0;1;0;0;2;0.068501;1774;3000;6627;0;0;0;0;0;0;0;-1133871366;0;0;10;10;0;9;93;23;25900.000000;87;12266.666667
2x;efficient;German_17_26;80;96.000000;50.248566;47.657744;14400.096000;8;0;1;1;0;1;0;0;2;58.301207;106021;197840;559580;0;0;0;0;0;0;21970;57;1;0;80;80;0;96;2247;239;40376.000000;1434;51966.666667
2x;random;Nsfnet_14_21;60;627.000000;627.000000;0.000000;3.437000;3;0;1;1;0;1;0;0;2;13.769369;79112;89940;223288;0;0;0;0;0;0;21968;805319473;2;0;60;60;0;120;2419;147;157400.000000;627;74633.333333
2x;maxData200;European_18_40;70;858.000000;858.000000;0.000000;12.777000;3;0;1;1;0;1;0;0;2;44.848511;189582;163870;594418;0;0;0;0;0;0;0;-1133871366;0;-1;70;70;0;140;4441;164;104262.000000;858;58300.000000
2x;random;Nsfnet_14_21;80;790.000000;790.000000;0.000000;5.766000;3;0;1;1;0;1;0;0;2;29.852378;119800;158320;417800;0;0;0;0;0;0;21949;12593;2;0;80;80;0;160;3192;181;184500.000000;790;90666.666667
2x;maxData200;European_18_40;20;12.000000;12.000000;0.000000;20.669000;8;0;1;1;0;1;0;0;2;1.001540;13894;14840;50107;0;0;0;0;0;0;21955;55;1;0;20;20;0;12;251;44;26538.000000;230;15233.333333
2x;efficient;German_17_26;40-b;684.000000;684.000000;0.000000;2.467000;3;0;1;1;0;1;0;0;2;7.886065;37725;50880;128675;0;0;0;0;0;0;22082;54;1;0;40;40;0;80;1668;114;20839.000000;684;24966.666667
2x;maxData200;European_18_40;50;24.000000;13.151201;45.203331;14400.111000;8;0;1;1;0;1;0;0;2;15.175952;77654;85100;322347;0;0;0;0;0;0;21948;-16763855;2;0;50;50;0;24;752;117;71201.000000;581;41900.000000
2x;random;Nsfnet_14_21;50;39.000000;39.000000;0.000000;537.889000;8;0;1;1;0;1;0;0;2;7.425698;45509;63000;164492;0;0;0;0;0;0;21967;808321080;1;0;50;50;0;39;739;115;121600.000000;467;58050.000000
2x;maxData200;European_18_40;10-b;6.000000;6.000000;0.000000;0.097000;8;0;1;1;0;1;0;0;2;0.127151;2431;4220;13570;0;0;0;0;0;0;0;-333425984;0;0;10;10;0;6;72;18;10038.000000;72;6716.666667
2x;random;European_18_40;20;12.000000;12.000000;0.000000;18.858000;8;0;1;1;0;1;0;0;2;1.167941;9756;14840;54245;0;0;0;0;0;0;22057;55;1;0;20;20;0;12;237;45;25171.000000;197;15433.333333
2x;random;German_17_26;30-b;25.000000;16.243814;35.024744;14400.064000;8;0;1;1;0;1;0;0;2;3.837378;37310;29190;56291;0;0;0;0;0;0;21938;13873;2;0;30;30;0;25;564;100;17099.000000;466;18133.333333
2x;random;Nsfnet_14_21;20-b;179.000000;179.000000;0.000000;0.530000;3;0;1;1;0;1;0;0;2;0.529044;7315;10780;26285;0;0;0;0;0;0;0;-1133871366;0;859517243;20;20;0;40;630;46;45500.000000;179;21266.666667
2x;random;German_17_26;80-b;-1.000000;32.565934;0.000000;14400.375000;8;0;1;1;0;1;0;0;2;80.564633;388000;197840;277601;0;0;0;0;0;0;22056;12593;2;0;0;0;0;-1423629088;22056;1;0.000000;0;0.000000
2x;efficient;German_17_26;70;1176.000000;1176.000000;0.000000;8.142000;3;0;1;1;0;1;0;0;2;39.483128;90990;152040;418610;0;0;0;0;0;0;21968;53;1;0;70;70;0;140;3149;196;33238.000000;1176;41933.333333
2x;random;German_17_26;60-b;81.000000;24.789474;69.395712;14400.220000;8;0;1;1;0;1;0;0;2;29.379510;159686;112380;214715;0;0;0;0;0;0;21912;49;1;0;60;60;0;81;1792;183;30112.000000;846;33066.666667
2x;efficient;German_17_26;40;48.000000;48.000000;0.000000;1812.093000;8;0;1;1;0;1;0;0;2;7.816591;31351;50920;135050;0;0;0;0;0;0;21940;12849;2;0;40;40;0;48;965;116;20839.000000;696;25633.333333
2x;efficient;German_17_26;20-b;30.000000;30.000000;0.000000;0.792000;8;0;1;1;0;1;0;0;2;0.889463;3921;13460;37680;0;0;0;0;0;0;22043;56;1;0;20;20;0;30;532;54;8386.000000;324;11833.333333
2x;maxData200;European_18_40;50-b;574.000000;574.000000;0.000000;8.448000;3;0;1;1;0;1;0;0;2;16.212281;103214;85050;296786;0;0;0;0;0;0;21929;-65486;1;0;50;50;0;100;2580;111;71756.000000;574;40650.000000
2x;random;European_18_40;90;180.000000;18.239362;89.867021;14400.200000;8;0;1;1;0;1;0;0;2;113.811830;279467;268380;1016534;0;0;0;0;0;0;22035;53;1;0;90;90;0;180;5855;226;122910.000000;1035;75983.333333
2x;random;European_18_40;10;6.000000;6.000000;0.000000;0.068000;8;0;1;1;0;1;0;0;2;0.140098;1530;4220;14471;0;0;0;0;0;0;22068;808333362;4;0;10;10;0;6;80;21;10097.000000;80;6550.000000
2x;maxData200;European_18_40;60;34.000000;17.875000;47.426471;14400.167000;8;0;1;1;0;1;0;0;2;28.444473;152027;121320;423974;0;0;0;0;0;0;22027;-65479;1;0;60;60;0;34;1150;161;91828.000000;831;52550.000000
2x;random;German_17_26;40;452.000000;452.000000;0.000000;8.325000;3;0;1;1;0;1;0;0;2;9.876891;87824;50880;78576;0;0;0;0;0;0;22007;805319217;2;0;40;40;0;80;1714;109;19808.000000;452;18116.666667
2x;random;European_18_40;40-b;377.000000;377.000000;0.000000;3.080000;3;0;1;1;0;1;0;0;2;10.386925;55748;55240;200252;0;0;0;0;0;0;22091;-16762831;2;0;40;40;0;80;2237;88;53980.000000;377;30983.333333
2x;maxData200;European_18_40;70-b;638.000000;638.000000;0.000000;10.916000;3;0;1;1;0;1;0;0;2;42.723401;161213;163870;622787;0;0;0;0;0;0;0;-755914244;0;-1;70;70;0;140;4561;131;85036.000000;638;51750.000000
2x;efficient;German_17_26;60;78.000000;78.000000;0.000000;4446.873000;8;0;1;1;0;1;0;0;2;23.842542;64056;112380;310345;0;0;0;0;0;0;21995;13361;2;0;60;60;0;78;1688;166;28653.000000;996;36200.000000
2x;efficient;German_17_26;30;492.000000;492.000000;0.000000;1.353000;3;0;1;1;0;1;0;0;2;3.291920;21725;29160;71875;0;0;0;0;0;0;22071;13361;2;0;30;30;0;60;1039;82;15074.000000;492;17850.000000
2x;random;European_18_40;60;34.000000;16.218978;52.297123;14400.150000;8;0;1;1;0;1;0;0;2;37.207847;157304;121320;418697;0;0;0;0;0;0;21845;-65479;1;0;60;60;0;34;1124;166;94349.000000;769;56300.000000
2x;efficient;German_17_26;50;756.000000;756.000000;0.000000;1.650000;3;0;1;1;0;1;0;0;2;13.807654;37525;78600;222475;0;0;0;0;0;0;21865;55;1;0;50;50;0;100;2416;126;20740.000000;756;27233.333333
2x;random;German_17_26;90;1045.000000;1045.000000;0.000000;44.022000;3;0;1;1;0;1;0;0;2;101.573199;394138;249480;448262;0;0;0;0;0;0;21913;13873;2;0;90;90;0;180;4478;231;40649.000000;1045;41250.000000
2x;random;German_17_26;30;36.000000;20.487954;43.089018;14400.061000;8;0;1;1;0;1;0;0;2;3.823049;34786;29190;58815;0;0;0;0;0;0;21887;13361;2;0;30;30;0;36;688;92;15478.000000;470;17116.666667
2x;random;Nsfnet_14_21;80-b;766.000000;766.000000;0.000000;9.585000;3;0;1;1;0;1;0;0;2;32.370004;120792;158320;416808;0;0;0;0;0;0;21971;52;1;0;80;80;0;160;3119;180;186000.000000;766;91216.666667
2x;efficient;German_17_26;20;318.000000;318.000000;0.000000;0.518000;3;0;1;1;0;1;0;0;2;1.026987;7490;13440;34110;0;0;0;0;0;0;21937;54;1;0;20;20;0;40;769;53;9292.000000;318;11533.333333
2x;efficient;German_17_26;30-b;36.000000;36.000000;0.000000;3379.328000;8;0;1;1;0;1;0;0;2;3.111794;19911;29190;73690;0;0;0;0;0;0;22093;13873;2;0;30;30;0;36;702;87;15172.000000;522;18200.000000
2x;random;Nsfnet_14_21;90-b;57.000000;48.000000;15.789474;14400.073000;8;0;1;1;0;1;0;0;2;45.864960;172767;199800;507634;0;0;0;0;0;0;21884;53;1;0;90;90;0;57;1125;216;238900.000000;805;112783.333333
2x;efficient;German_17_26;40-b;48.000000;42.000000;12.500000;14400.025000;8;0;1;1;0;1;0;0;2;7.868199;37726;50920;128675;0;0;0;0;0;0;21917;54;1;0;40;40;0;48;1054;124;21743.000000;744;26216.666667
2x;efficient;German_17_26;100-b;125.000000;57.000000;54.400000;14400.406000;8;0;1;1;0;1;0;0;2;125.604537;235756;307300;804245;0;0;0;0;0;0;21973;12593;2;0;100;100;0;125;2849;315;56613.000000;1890;67416.666667
2x;maxData200;European_18_40;20;218.000000;218.000000;0.000000;1.151000;3;0;1;1;0;1;0;0;2;1.089410;13893;14820;50107;0;0;0;0;0;0;21942;55;1;0;20;20;0;40;829;42;24713.000000;218;14400.000000
2x;efficient;German_17_26;60-b;66.000000;66.000000;0.000000;9335.499000;8;0;1;1;0;1;0;0;2;23.905081;63826;112380;310575;0;0;0;0;0;0;22089;49;1;0;60;60;0;66;1482;172;29157.000000;1032;37116.666667
2x;random;Nsfnet_14_21;90-b;727.000000;727.000000;0.000000;11.071000;3;0;1;1;0;1;0;0;2;46.335772;172766;199710;507634;0;0;0;0;0;0;22062;53;1;0;90;90;0;180;3717;194;226300.000000;727;106350.000000
2x;maxData200;European_18_40;10-b;68.000000;68.000000;0.000000;0.082000;3;0;1;1;0;1;0;0;2;0.126833;2430;4210;13570;0;0;0;0;0;0;0;429064896;0;0;10;10;0;20;164;17;9902.000000;68;6566.666667
2x;efficient;German_17_26;40;654.000000;654.000000;0.000000;1.797000;3;0;1;1;0;1;0;0;2;8.040054;31350;50880;135050;0;0;0;0;0;0;22043;12849;2;0;40;40;0;80;1683;109;20019.000000;654;24383.333333
2x;random;European_18_40;70-b;566.000000;566.000000;0.000000;11.511000;3;0;1;1;0;1;0;0;2;53.862095;156077;163870;627923;0;0;0;0;0;0;0;-1133871366;0;-1;70;70;0;140;4404;133;84132.000000;566;49650.000000
2x;random;European_18_40;90-b;969.000000;969.000000;0.000000;23.408000;3;0;1;1;0;1;0;0;2;120.639346;324405;268290;971595;0;0;0;0;0;0;21931;57;1;0;90;90;0;180;6129;202;124711.000000;969;72950.000000
2x;efficient;German_17_26;50-b;804.000000;804.000000;0.000000;3.041000;3;0;1;1;0;1;0;0;2;14.592111;42560;78600;217440;0;0;0;0;0;0;22091;49;1;0;50;50;0;100;2156;134;24585.000000;804;30933.333333
2x;random;German_17_26;20;18.000000;18.000000;0.000000;79.137000;8;0;1;1;0;1;0;0;2;1.057087;13092;13460;28509;0;0;0;0;0;0;22025;54;1;0;20;20;0;18;404;55;9321.000000;276;10633.333333
2x;random;Nsfnet_14_21;10;78.000000;78.000000;0.000000;0.099000;3;0;1;1;0;1;0;0;2;0.068961;1773;2990;6627;0;0;0;0;0;0;0;-1133871366;0;0;10;10;0;20;215;20;25200.000000;78;11833.333333
2x;random;European_18_40;40-b;16.000000;16.000000;0.000000;2480.748000;8;0;1;1;0;1;0;0;2;10.531640;55749;55280;200252;0;0;0;0;0;0;21853;-16762831;2;0;40;40;0;16;519;99;57309.000000;420;32983.333333
2x;random;German_17_26;80;992.000000;992.000000;0.000000;22.136000;3;0;1;1;0;1;0;0;2;75.322648;325845;197760;339755;0;0;0;0;0;0;21907;57;1;0;80;80;0;160;3580;217;41372.000000;992;40816.666667
2x;maxData200;European_18_40;10;6.000000;6.000000;0.000000;0.121000;8;0;1;1;0;1;0;0;2;0.123685;2247;4220;13754;0;0;0;0;0;0;21882;808333362;4;0;10;10;0;6;107;21;12313.000000;104;7450.000000
2x;random;European_18_40;70;39.000000;21.191489;45.662848;14400.308000;8;0;1;1;0;1;0;0;2;56.585339;178183;163940;605818;0;0;0;0;0;0;0;-1133871366;0;-1;70;70;0;39;1361;186;112681.000000;922;65200.000000
2x;random;European_18_40;80-b;822.000000;822.000000;0.000000;23.065000;3;0;1;1;0;1;0;0;2;90.677139;266701;212880;757299;0;0;0;0;0;0;21999;50;1;0;80;80;0;160;5911;184;117094.000000;822;66166.666667
2x;efficient;German_17_26;50;48.000000;48.000000;0.000000;2902.437000;8;0;1;1;0;1;0;0;2;13.683978;37526;78650;222475;0;0;0;0;0;0;22082;55;1;0;50;50;0;48;1077;132;21344.000000;792;28133.333333
2x;random;German_17_26;90-b;1130.000000;1130.000000;0.000000;62.994000;3;0;1;1;0;1;0;0;2;111.432750;461701;249480;380699;0;0;0;0;0;0;21944;13617;2;0;90;90;0;180;4206;254;48682.000000;1130;45783.333333
2x;efficient;German_17_26;70-b;1080.000000;1080.000000;0.000000;7.391000;3;0;1;1;0;1;0;0;2;39.374988;80730;152040;428870;0;0;0;0;0;0;22000;13873;2;0;70;70;0;140;3060;180;31145.000000;1080;40433.333333
2x;random;European_18_40;80;834.000000;834.000000;0.000000;17.075000;3;0;1;1;0;1;0;0;2;90.593882;247905;212880;776095;0;0;0;0;0;0;21999;50;1;0;80;80;0;160;5336;179;110814.000000;834;66433.333333
2x;maxData200;European_18_40;80-b;104.000000;18.802607;81.920570;14400.515000;8;0;1;1;0;1;0;0;2;71.113625;281546;212960;742455;0;0;0;0;0;0;22010;50;1;0;80;80;0;104;2471;211;126044.000000;1061;71650.000000
2x;random;German_17_26;50;44.000000;20.095238;54.329004;14400.070000;8;0;1;1;0;1;0;0;2;19.932711;107625;78650;152376;0;0;0;0;0;0;22046;808321079;1;0;50;50;0;44;1011;134;22215.000000;623;23683.333333
2x;random;German_17_26;30;416.000000;416.000000;0.000000;2.597000;3;0;1;1;0;1;0;0;2;3.582319;34785;29160;58815;0;0;0;0;0;0;21912;13361;2;0;30;30;0;60;993;82;14526.000000;416;15850.000000
2x;maxData200;European_18_40;100-b;-1.000000;24.400000;0.000000;14400.280000;8;0;1;1;0;1;0;0;2;127.075443;401534;330200;1198467;0;0;0;0;0;0;21898;13105;2;0;0;0;0;-785845024;21898;1;0.000000;0;0.000000
2x;efficient;German_17_26;80-b;1404.000000;1404.000000;0.000000;27.575000;3;0;1;1;0;1;0;0;2;64.252652;138570;197760;527030;0;0;0;0;0;0;21937;12593;2;0;80;80;0;160;3936;234;41158.000000;1404;50883.333333
2x;maxData200;European_18_40;80;912.000000;912.000000;0.000000;23.620000;3;0;1;1;0;1;0;0;2;85.078602;260144;212880;763856;0;0;0;0;0;0;21959;50;1;0;80;80;0;160;5412;179;111493.000000;912;64183.333333
2x;random;Nsfnet_14_21;40;324.000000;324.000000;0.000000;1.631000;3;0;1;1;0;1;0;0;2;4.643035;37305;40760;97095;0;0;0;0;0;0;21958;805318705;2;0;40;40;0;80;1228;85;108900.000000;324;51716.666667
2x;random;European_18_40;90-b;180.000000;21.488636;88.061869;14400.424000;8;0;1;1;0;1;0;0;2;118.689557;324406;268380;971595;0;0;0;0;0;0;22059;57;1;0;90;90;0;180;6179;251;136500.000000;1193;81666.666667
2x;random;German_17_26;70-b;140.000000;29.877984;78.658583;14400.184000;8;0;1;1;0;1;0;0;2;48.687933;208830;152110;300771;0;0;0;0;0;0;22072;13873;2;0;70;70;0;140;3414;240;38256.000000;1093;41183.333333
2x;maxData200;European_18_40;50;519.000000;519.000000;0.000000;8.196000;3;0;1;1;0;1;0;0;2;15.952210;77653;85050;322347;0;0;0;0;0;0;21892;-16763855;2;0;50;50;0;100;3027;105;70408.000000;519;40466.666667
2x;maxData200;European_18_40;90-b;1018.000000;1018.000000;0.000000;25.945000;3;0;1;1;0;1;0;0;2;95.351594;367886;268290;928114;0;0;0;0;0;0;21906;57;1;0;90;90;0;180;6214;202;125406.000000;1018;71650.000000
2x;random;European_18_40;100-b;200.000000;21.054348;89.472826;14400.440000;8;0;1;1;0;1;0;0;2;162.436178;383015;330200;1216986;0;0;0;0;0;0;21954;13105;2;0;100;100;0;200;5944;260;146932.000000;1194;88700.000000
2x;maxData200;European_18_40;100-b;1192.000000;1192.000000;0.000000;34.404000;3;0;1;1;0;1;0;0;2;125.405836;401533;330100;1198467;0;0;0;0;0;0;21918;13105;2;0;100;100;0;200;6421;231;137268.000000;1192;79916.666667
2x;random;German_17_26;20-b;18.000000;18.000000;0.000000;29.289000;8;0;1;1;0;1;0;0;2;1.073884;16331;13460;25270;0;0;0;0;0;0;22095;56;1;0;20;20;0;18;389;57;9285.000000;245;9900.000000
2x;random;German_17_26;80;-1.000000;34.453125;0.000000;14400.239000;8;0;1;1;0;1;0;0;2;75.438944;325846;197840;339755;0;0;0;0;0;0;22009;57;1;0;0;0;0;-175151920;22009;1;0.000000;0;0.000000
2x;random;European_18_40;50;21.000000;13.425913;36.067079;14400.083000;8;0;1;1;0;1;0;0;2;20.442120;82367;85100;317634;0;0;0;0;0;0;21990;-16763855;2;0;50;50;0;21;721;121;73397.000000;531;42050.000000
2x;random;European_18_40;20-b;150.000000;150.000000;0.000000;0.829000;3;0;1;1;0;1;0;0;2;1.435477;14921;14820;49079;0;0;0;0;0;0;22100;12337;2;0;20;20;0;40;681;38;21548.000000;150;12116.666667
2x;random;European_18_40;10-b;66.000000;66.000000;0.000000;0.301000;3;0;1;1;0;1;0;0;2;0.203136;4151;4210;11849;0;0;0;0;0;0;21917;808333362;4;0;10;10;0;20;160;17;9902.000000;66;5783.333333
2x;random;Nsfnet_14_21;100-b;864.000000;864.000000;0.000000;16.448000;3;0;1;1;0;1;0;0;2;65.593513;210936;245900;629064;0;0;0;0;0;0;22097;54;1;0;100;100;0;200;3951;223;258800.000000;864;122100.000000
2x;random;European_18_40;70-b;27.000000;15.515385;42.535613;14400.100000;8;0;1;1;0;1;0;0;2;53.362247;156078;163940;627923;0;0;0;0;0;0;0;-1133871366;0;-1;70;70;0;27;878;154;88073.000000;654;52766.666667
2x;efficient;German_17_26;30;42.000000;42.000000;0.000000;1093.477000;8;0;1;1;0;1;0;0;2;3.282187;21726;29190;71875;0;0;0;0;0;0;22096;13361;2;0;30;30;0;42;816;89;14906.000000;534;18200.000000
2x;maxData200;European_18_40;100;200.000000;22.785714;88.607143;14400.340000;8;0;1;1;0;1;0;0;2;133.791940;452611;330200;1147390;0;0;0;0;0;0;21971;55;1;0;100;100;0;200;7424;261;152637.000000;1341;86566.666667
2x;random;Nsfnet_14_21;70-b;60.000000;60.000000;0.000000;6949.322000;8;0;1;1;0;1;0;0;2;21.031484;99813;121800;311788;0;0;0;0;0;0;21976;12337;2;0;70;70;0;60;1148;165;182400.000000;649;85966.666667
2x;random;European_18_40;80;160.000000;18.096305;88.689810;14400.199000;8;0;1;1;0;1;0;0;2;83.520357;247906;212960;776095;0;0;0;0;0;0;22080;50;1;0;80;80;0;160;5549;208;117425.000000;975;71450.000000
1x;efficient;European_18_40;50;624.000000;624.000000;0.000000;1.645000;3;0;1;1;0;1;0;0;2;4.384341;26493;43050;173507;0;0;0;0;0;0;22057;13105;2;0;50;50;0;50;1731;106;67615.000000;624;43850.000000
1x;random;European_18_40;60-b;599.000000;599.000000;0.000000;4.040000;3;0;1;1;0;1;0;0;2;8.844896;66938;61260;221062;0;0;0;0;0;0;21982;12337;2;0;60;60;0;60;2031;130;84820.000000;599;49866.666667
1x;efficient;German_17_26;60;-1.000000;-1.000000;0.000000;1.344000;3;0;1;1;0;1;0;0;2;5.930418;30635;56760;156565;0;0;0;0;0;0;21989;56;1;0;0;32;0;2086167024;21989;1;0.000000;2705;0.000000
1.5x;maxData200;German_17_26;100;918.000000;918.000000;0.000000;22.819000;3;0;1;1;0;1;0;0;2;58.321750;226108;230900;553892;0;0;0;0;0;0;21859;56;1;0;100;100;0;150;3676;256;46204.000000;918;53516.666667
1x;efficient;Nsfnet_14_21;20-b;-1.000000;-1.000000;0.000000;0.160000;3;0;1;1;0;1;0;0;2;0.118683;2919;5560;13881;0;0;0;0;0;0;22042;12849;2;0;0;0;0;567572480;22042;1;0.000000;0;0.000000
1x;random;European_18_40;70;807.000000;807.000000;0.000000;7.198000;3;0;1;1;0;1;0;0;2;13.813322;86692;82670;305308;0;0;0;0;0;0;21862;-16764879;2;0;70;70;0;70;2430;164;105675.000000;807;60550.000000
2x;maxData200;European_18_40;70-b;35.000000;15.250000;56.428571;14400.230000;8;0;1;1;0;1;0;0;2;42.884917;161214;163940;622787;0;0;0;0;0;0;0;-755914244;0;-1;70;70;0;35;1100;152;89818.000000;737;55333.333333
1.5x;maxData200;German_17_26;60;552.000000;552.000000;0.000000;4.661000;3;0;1;1;0;1;0;0;2;12.138200;72841;84540;207959;0;0;0;0;0;0;21918;13361;2;0;60;60;0;90;2108;157;26994.000000;552;32500.000000
1.5x;maxData200;German_17_26;40;405.000000;405.000000;0.000000;3.160000;3;0;1;1;0;1;0;0;2;4.489828;47251;38360;77549;0;0;0;0;0;0;21921;12337;2;0;40;40;0;60;1157;109;19485.000000;405;21816.666667
1.5x;maxData200;German_17_26;10;103.000000;103.000000;0.000000;0.103000;3;0;1;1;0;1;0;0;2;0.064310;2111;2840;5689;0;0;0;0;0;0;808598324;808464955;993013808;859518513;10;10;0;15;220;28;5278.000000;103;5916.666667
1x;efficient;European_18_40;20-b;18.000000;18.000000;0.000000;0.470000;8;0;1;1;0;1;0;0;2;0.259062;3016;7640;28985;0;0;0;0;0;0;0;-1133871366;0;0;20;20;0;18;323;46;24557.000000;276;18600.000000
1x;efficient;German_17_26;10;-1.000000;-1.000000;0.000000;0.012000;3;0;1;1;0;1;0;0;2;0.022202;545;1960;4655;0;0;0;0;0;0;993016624;925904944;808729392;774912816;774912821;925904944;774912821;925904944;993593909;825963825;0.000000;909850427;0.000000
2x;random;European_18_40;100;150.000000;19.387826;87.074783;14400.451000;8;0;1;1;0;1;0;0;2;167.878708;411224;330200;1188777;0;0;0;0;0;0;22062;55;1;0;100;100;0;150;2345;247;146416.000000;1095;84483.333333
1x;efficient;German_17_26;80-b;-1.000000;-1.000000;0.000000;42.951000;3;0;1;1;0;1;0;0;2;15.536253;67050;99680;265750;0;0;0;0;0;0;22076;13105;2;0;0;0;0;-63772944;22076;1;0.000000;0;0.000000
1x;efficient;German_17_26;70-b;-1.000000;-1.000000;0.000000;29.832000;8;0;1;1;0;1;0;0;2;9.811396;38871;76790;215930;0;0;0;0;0;0;22062;12337;2;0;0;0;0;218871536;22062;1;0.000000;0;0.000000
1x;random;European_18_40;70-b;566.000000;566.000000;0.000000;4.529000;3;0;1;1;0;1;0;0;2;13.495450;76207;82670;315793;0;0;0;0;0;0;21954;-65486;1;0;70;70;0;70;2233;133;84640.000000;566;49733.333333
1x;efficient;European_18_40;10;-1.000000;-1.000000;0.000000;0.012000;8;0;1;1;0;1;0;0;2;0.024147;376;2220;7625;0;0;0;0;0;0;22022;808333362;4;0;0;0;0;-726217152;22022;4;0.000000;0;0.000000
1x;efficient;Nsfnet_14_21;50-b;42.000000;42.000000;0.000000;283.642000;8;0;1;1;0;1;0;0;2;1.861206;22294;31950;82707;0;0;0;0;0;0;22016;-65480;1;0;50;50;0;42;780;110;119700.000000;501;61383.333333
1x;efficient;Nsfnet_14_21;60-b;54.000000;54.000000;0.000000;144.598000;8;0;1;1;0;1;0;0;2;3.364479;34865;45540;116336;0;0;0;0;0;0;21922;-16764367;2;0;60;60;0;54;995;140;157200.000000;663;76650.000000
1.5x;maxData200;German_17_26;100-b;1028.000000;1028.000000;0.000000;30.115000;3;0;1;1;0;1;0;0;2;62.813913;269001;230900;510999;0;0;0;0;0;0;21882;12593;2;0;100;100;0;150;3571;279;50333.000000;1028;56650.000000
2x;maxData200;European_18_40;60-b;28.000000;13.790884;50.746841;14400.109000;8;0;1;1;0;1;0;0;2;26.602672;118430;121320;457571;0;0;0;0;0;0;21856;-16763855;2;0;60;60;0;28;902;147;90254.000000;702;53650.000000
1x;efficient;Nsfnet_14_21;30-b;-1.000000;-1.000000;0.000000;0.300000;3;0;1;1;0;1;0;0;2;0.399194;7452;11940;30348;0;0;0;0;0;0;22009;3145778;1;0;0;0;0;1405073408;22009;1;0.000000;0;0.000000
1x;efficient;Nsfnet_14_21;10-b;-1.000000;-1.000000;0.000000;0.004000;8;0;1;1;0;1;0;0;2;0.014183;660;1590;3541;0;0;0;0;0;0;0;-1133871366;0;0;1061720948;0;0;0;0;-1325564312;0.000000;0;0.000000
2x;efficient;German_17_26;70;90.000000;47.189705;47.566995;14400.124000;8;0;1;1;0;1;0;0;2;41.336481;90991;152110;418610;0;0;0;0;0;0;21875;53;1;0;70;70;0;90;1930;219;36288.000000;1314;46250.000000
2x;maxData200;European_18_40;50-b;24.000000;13.921134;41.995273;14400.075000;8;0;1;1;0;1;0;0;2;16.187006;103215;85100;296786;0;0;0;0;0;0;22072;-65486;1;0;50;50;0;24;810;132;78169.000000;688;44516.666667
1x;efficient;Nsfnet_14_21;60;-1.000000;-1.000000;0.000000;1.425000;3;0;1;1;0;1;0;0;2;3.309471;33773;45480;117427;0;0;0;0;0;0;21861;-65483;1;0;-1;-1;-1;-63088864;21861;1;-nan;-1;0.000000
1x;efficient;German_17_26;100-b;-1.000000;-1.000000;0.000000;19.012000;3;0;1;1;0;1;0;0;2;30.524751;114855;154600;405145;0;0;0;0;0;0;22018;57;1;0;0;0;0;-1471170832;22018;1;0.000000;0;0.000000
1x;efficient;European_18_40;40;510.000000;510.000000;0.000000;1.300000;3;0;1;1;0;1;0;0;2;2.324869;17678;28040;110322;0;0;0;0;0;0;22039;50;1;0;40;40;0;40;1158;87;50327.000000;510;34583.333333
1x;random;European_18_40;20-b;150.000000;150.000000;0.000000;0.326000;3;0;1;1;0;1;0;0;2;0.337869;6861;7620;25139;0;0;0;0;0;0;0;-1133871366;0;0;20;20;0;20;384;38;21883.000000;150;12250.000000
1x;efficient;Nsfnet_14_21;20-b;-1.000000;-1.000000;0.000000;0.155000;8;0;1;1;0;1;0;0;2;0.119176;2920;5580;13881;0;0;0;0;0;0;21989;12849;2;0;0;0;0;1191299072;21989;1;0.000000;0;0.000000
1.5x;maxData200;German_17_26;10;8.000000;8.000000;0.000000;0.639000;8;0;1;1;0;1;0;0;2;0.064799;2112;2850;5689;0;0;0;0;0;0;808598324;808464955;993013808;859518513;10;10;0;8;132;30;5395.000000;111;6150.000000
1x;random;European_18_40;40-b;377.000000;377.000000;0.000000;1.074000;3;0;1;1;0;1;0;0;2;2.559598;26668;28040;101332;0;0;0;0;0;0;22041;14385;2;0;40;40;0;40;1143;88;54345.000000;377;31200.000000
1x;efficient;German_17_26;20-b;-1.000000;-1.000000;0.000000;0.056000;8;0;1;1;0;1;0;0;2;0.200400;1681;6940;19120;0;0;0;0;0;0;22051;55;1;0;0;0;0;-858077088;22051;1;0.000000;0;0.000000
1x;efficient;Nsfnet_14_21;60-b;651.000000;651.000000;0.000000;3.924000;3;0;1;1;0;1;0;0;2;3.362756;34864;45480;116336;0;0;0;0;0;0;21983;-16764367;2;0;60;60;0;60;1220;137;155500.000000;651;75850.000000
1x;efficient;German_17_26;40;-1.000000;-1.000000;0.000000;0.761000;3;0;1;1;0;1;0;0;2;1.924601;14630;25840;68570;0;0;0;0;0;0;22073;12337;2;0;0;32;0;187769328;22073;1;0.000000;2705;0.000000
2x;efficient;German_17_26;90;84.000000;41.209177;50.941456;14400.122000;8;0;1;1;0;1;0;0;2;81.610378;148751;249570;693650;0;0;0;0;0;0;21945;13873;2;0;90;90;0;84;1937;241;40938.000000;1446;51183.333333
1x;random;European_18_40;20;188.000000;188.000000;0.000000;0.202000;3;0;1;1;0;1;0;0;2;0.302477;4395;7620;27605;0;0;0;0;0;0;0;-1133871366;0;0;20;20;0;20;433;43;23948.000000;188;14666.666667
1.5x;maxData200;German_17_26;60-b;551.000000;551.000000;0.000000;5.171000;3;0;1;1;0;1;0;0;2;12.467982;78652;84540;202148;0;0;0;0;0;0;22011;49;1;0;60;60;0;90;2001;153;26273.000000;551;31016.666667
1x;efficient;European_18_40;10-b;102.000000;102.000000;0.000000;0.049000;3;0;1;1;0;1;0;0;2;0.031861;868;2210;7132;0;0;0;0;0;0;22077;808333362;4;0;10;10;0;10;154;18;10038.000000;102;7650.000000
1x;random;European_18_40;30-b;15.000000;15.000000;0.000000;432.345000;8;0;1;1;0;1;0;0;2;1.245488;20260;16260;51741;0;0;0;0;0;0;0;-1133871366;0;0;30;30;0;15;410;80;43033.000000;350;25633.333333
1x;efficient;Nsfnet_14_21;10;-1.000000;-1.000000;0.000000;0.009000;3;0;1;1;0;1;0;0;2;0.014348;635;1580;3565;0;0;0;0;0;0;0;-1133871366;0;0;1061720948;0;0;0;0;1372360296;0.000000;0;0.000000
1x;efficient;European_18_40;90-b;1155.000000;1155.000000;0.000000;12.699000;3;0;1;1;0;1;0;0;2;28.480071;111377;135090;536623;0;0;0;0;0;0;22064;-16763599;2;0;90;90;0;90;2975;201;125144.000000;1155;85450.000000
2x;maxData200;European_18_40;40-b;18.000000;18.000000;0.000000;7833.581000;8;0;1;1;0;1;0;0;2;8.223437;61600;55280;194401;0;0;0;0;0;0;22047;-16762831;2;0;40;40;0;18;620;98;55834.000000;508;32733.333333
1x;random;European_18_40;20;12.000000;12.000000;0.000000;13.147000;8;0;1;1;0;1;0;0;2;0.294008;4396;7640;27605;0;0;0;0;0;0;0;-1133871366;0;0;20;20;0;12;286;48;26668.000000;207;16383.333333
2x;random;German_17_26;100-b;-1.000000;41.291845;0.000000;14400.460000;8;0;1;1;0;1;0;0;2;158.570007;566727;307300;473274;0;0;0;0;0;0;21903;12593;2;0;0;0;0;-784788256;21903;1;0.000000;0;0.000000
1x;efficient;Nsfnet_14_21;30;30.000000;30.000000;0.000000;6.912000;8;0;1;1;0;1;0;0;2;0.384497;5405;11970;32396;0;0;0;0;0;0;21971;3145785;1;0;30;30;0;30;544;61;62400.000000;309;33433.333333
1x;efficient;German_17_26;60;-1.000000;-1.000000;0.000000;12.197000;8;0;1;1;0;1;0;0;2;6.283611;30636;56820;156565;0;0;0;0;0;0;21910;56;1;0;0;32;0;-1766510096;21910;1;0.000000;2705;0.000000
1x;efficient;Nsfnet_14_21;40;30.000000;30.000000;0.000000;20.706000;8;0;1;1;0;1;0;0;2;1.196078;17550;20760;49651;0;0;0;0;0;0;21929;54;1;0;40;40;0;30;534;89;111100.000000;369;53933.333333
2x;efficient;German_17_26;50-b;54.000000;54.000000;0.000000;9481.949000;8;0;1;1;0;1;0;0;2;14.397090;42561;78650;217440;0;0;0;0;0;0;21846;49;1;0;50;50;0;54;1199;148;25462.000000;888;32750.000000
1x;efficient;Nsfnet_14_21;20;15.000000;15.000000;0.000000;1.011000;8;0;1;1;0;1;0;0;2;0.140856;4144;5580;12657;0;0;0;0;0;0;21935;3145779;1;0;20;20;0;15;288;52;57700.000000;231;27916.666667
1x;efficient;Nsfnet_14_21;80;-1.000000;-1.000000;0.000000;2.607000;8;0;1;1;0;1;0;0;2;7.115941;50068;79920;218733;0;0;0;0;0;0;21987;56;1;0;0;0;0;274986736;21987;1;0.000000;0;0.000000
1x;random;European_18_40;40-b;16.000000;16.000000;0.000000;3008.203000;8;0;1;1;0;1;0;0;2;2.553455;26669;28080;101332;0;0;0;0;0;0;22091;14385;2;0;40;40;0;16;531;99;57517.000000;418;33233.333333
1x;efficient;European_18_40;100;1251.000000;1251.000000;0.000000;18.065000;3;0;1;1;0;1;0;0;2;39.511750;159886;166100;640114;0;0;0;0;0;0;21998;-16763599;2;0;100;100;0;100;3227;218;147210.000000;1251;94333.333333
1x;efficient;European_18_40;30;402.000000;402.000000;0.000000;0.577000;3;0;1;1;0;1;0;0;2;0.939235;8200;16230;63800;0;0;0;0;0;0;21863;-385863375;2;0;30;30;0;30;734;67;39733.000000;402;27816.666667
1x;efficient;German_17_26;80;-1.000000;-1.000000;0.000000;3.097000;3;0;1;1;0;1;0;0;2;14.711414;51300;99680;281500;0;0;0;0;0;0;21964;53;1;0;0;0;0;308279024;21964;1;0.000000;0;0.000000
2x;random;German_17_26;50-b;49.000000;21.600000;55.918367;14400.184000;8;0;1;1;0;1;0;0;2;19.966613;125448;78650;134553;0;0;0;0;0;0;22071;49;1;0;50;50;0;49;1179;162;29142.000000;731;28116.666667
1.5x;maxData200;German_17_26;70;714.000000;714.000000;0.000000;13.383000;3;0;1;1;0;1;0;0;2;21.950527;122914;114380;259286;0;0;0;0;0;0;21948;12337;2;0;70;70;0;105;2357;196;33881.000000;714;39300.000000
2x;random;Nsfnet_14_21;60-b;45.000000;32.000000;28.888889;14400.045000;8;0;1;1;0;1;0;0;2;14.101717;80054;90000;222347;0;0;0;0;0;0;21871;13361;2;0;60;60;0;45;894;144;165800.000000;569;77916.666667
1.5x;maxData200;German_17_26;10-b;12.000000;12.000000;0.000000;0.389000;8;0;1;1;0;1;0;0;2;0.061595;2124;2850;5677;0;0;0;0;0;0;808598324;808464955;993013808;859518513;10;10;0;12;146;35;5206.000000;131;6316.666667
2x;random;German_17_26;40-b;46.000000;16.476744;64.180991;14400.121000;8;0;1;1;0;1;0;0;2;10.484206;96532;50920;69869;0;0;0;0;0;0;21868;54;1;0;40;40;0;46;1092;161;27423.000000;648;25333.333333
2x;random;European_18_40;60-b;24.000000;15.000000;37.500000;14400.078000;8;0;1;1;0;1;0;0;2;36.056338;137679;121320;438322;0;0;0;0;0;0;22032;-16763855;2;0;60;60;0;24;852;149;91302.000000;687;54050.000000
1x;random;European_18_40;80;834.000000;834.000000;0.000000;10.401000;3;0;1;1;0;1;0;0;2;21.049792;121265;107280;390735;0;0;0;0;0;0;22032;-65480;1;0;80;80;0;80;2461;179;112312.000000;834;67183.333333
1x;efficient;German_17_26;60-b;-1.000000;-1.000000;0.000000;13.716000;8;0;1;1;0;1;0;0;2;5.982720;30526;56820;156675;0;0;0;0;0;0;22085;49;1;0;0;32;0;-69979632;22085;1;0.000000;2705;0.000000
2x;maxData200;European_18_40;90;105.000000;20.459677;80.514593;14400.314000;8;0;1;1;0;1;0;0;2;109.403235;253100;268380;1042901;0;0;0;0;0;0;21929;53;1;0;90;90;0;105;2313;218;122455.000000;1098;74283.333333
1x;efficient;German_17_26;30-b;-1.000000;-1.000000;0.000000;0.515000;3;0;1;1;0;1;0;0;2;0.816200;9050;14880;37750;0;0;0;0;0;0;21914;-16763599;2;0;-1;-1;-1;2074580208;21914;1;0.000000;2960;0.000000
2x;maxData200;European_18_40;70;64.000000;22.410256;64.983974;14400.197000;8;0;1;1;0;1;0;0;2;43.636614;189583;163940;594418;0;0;0;0;0;0;0;-1133871366;0;-1;70;70;0;64;1635;185;110237.000000;979;62016.666667
1x;efficient;European_18_40;30-b;396.000000;396.000000;0.000000;0.592000;3;0;1;1;0;1;0;0;2;0.937588;8625;16230;63375;0;0;0;0;0;0;0;-1133871366;0;0;30;30;0;30;695;66;33954.000000;396;25033.333333
1x;efficient;German_17_26;50;768.000000;768.000000;0.000000;2.002000;3;0;1;1;0;1;0;0;2;3.393410;17775;39800;112225;0;0;0;0;0;0;21982;54;1;0;50;50;0;50;1179;128;20518.000000;768;27183.333333
1x;efficient;Nsfnet_14_21;40;357.000000;357.000000;0.000000;0.841000;3;0;1;1;0;1;0;0;2;1.101658;17549;20720;49651;0;0;0;0;0;0;21935;54;1;0;40;40;0;40;687;85;109500.000000;357;53066.666667
2x;random;German_17_26;100;-1.000000;34.953608;0.000000;14400.523000;8;0;1;1;0;1;0;0;2;148.890140;498717;307300;541284;0;0;0;0;0;0;21979;56;1;0;0;0;0;1934197984;21979;1;0.000000;0;0.000000
1.5x;maxData200;German_17_26;40-b;417.000000;417.000000;0.000000;4.723000;3;0;1;1;0;1;0;0;2;4.474741;40920;38360;83880;0;0;0;0;0;0;21907;56;1;0;40;40;0;60;1063;113;20811.000000;417;23416.666667
1x;efficient;German_17_26;100;-1.000000;-1.000000;0.000000;29.281000;8;0;1;1;0;1;0;0;2;27.587456;72961;154700;447040;0;0;0;0;0;0;21964;12337;2;0;0;0;0;-9009424;21964;1;0.000000;0;0.000000
1x;efficient;German_17_26;10;-1.000000;-1.000000;0.000000;0.004000;8;0;1;1;0;1;0;0;2;0.022214;546;1970;4655;0;0;0;0;0;0;993016624;925904944;808729392;774912816;774912821;925904944;774912821;925904944;993593909;825963825;0.000000;909850427;0.000000
1x;efficient;German_17_26;60-b;-1.000000;-1.000000;0.000000;3.515000;3;0;1;1;0;1;0;0;2;6.445341;30525;56760;156675;0;0;0;0;0;0;21887;49;1;0;0;32;0;-1632640496;21887;1;0.000000;2705;0.000000
1x;efficient;European_18_40;10-b;6.000000;6.000000;0.000000;0.027000;8;0;1;1;0;1;0;0;2;0.035100;869;2220;7132;0;0;0;0;0;0;22081;808333362;4;0;10;10;0;6;108;19;10324.000000;108;7983.333333
1x;efficient;Nsfnet_14_21;80-b;-1.000000;-1.000000;0.000000;4.299000;3;0;1;1;0;1;0;0;2;8.097607;56352;79840;212448;0;0;0;0;0;0;21974;50;1;0;0;0;0;47232752;21974;1;0.000000;0;0.000000
1x;efficient;German_17_26;90-b;-1.000000;-1.000000;0.000000;58.916000;3;0;1;1;0;1;0;0;2;23.172444;101745;125640;319455;0;0;0;0;0;0;22008;13873;2;0;0;0;0;-1988299024;22008;1;0.000000;0;0.000000
1.5x;maxData200;German_17_26;20-b;14.000000;14.000000;0.000000;183.370000;8;0;1;1;0;1;0;0;2;0.498327;9290;10200;21911;0;0;0;0;0;0;21916;52;1;0;20;20;0;14;266;56;10596.000000;205;11650.000000
1.5x;maxData200;German_17_26;80-b;878.000000;878.000000;0.000000;25.278000;3;0;1;1;0;1;0;0;2;35.609701;195250;148720;303950;0;0;0;0;0;0;22016;13105;2;0;80;80;0;120;2843;234;41733.000000;878;46016.666667
2x;random;European_18_40;50-b;24.000000;12.610367;47.456804;14400.221000;8;0;1;1;0;1;0;0;2;21.742939;105345;85100;294656;0;0;0;0;0;0;22049;-65486;1;0;50;50;0;24;713;128;78609.000000;539;44466.666667
2x;random;European_18_40;80-b;91.000000;18.134615;80.071851;14400.324000;8;0;1;1;0;1;0;0;2;85.367304;266702;212960;757299;0;0;0;0;0;0;21910;50;1;0;80;80;0;91;2288;216;124485.000000;938;71083.333333
1x;efficient;German_17_26;80-b;-1.000000;-1.000000;0.000000;62.042000;8;0;1;1;0;1;0;0;2;15.464666;67051;99760;265750;0;0;0;0;0;0;21964;13105;2;0;0;0;0;1435862768;21964;1;0.000000;0;0.000000
1x;random;European_18_40;100;971.000000;971.000000;0.000000;16.870000;3;0;1;1;0;1;0;0;2;41.864598;202123;166100;597877;0;0;0;0;0;0;21900;-16763599;2;0;100;100;0;100;3405;221;145918.000000;971;81883.333333
1x;efficient;German_17_26;90;1392.000000;1392.000000;0.000000;428.302000;3;0;1;1;0;1;0;0;2;21.370300;72250;125640;348950;0;0;0;0;0;0;21916;12593;2;0;90;90;0;90;2263;232;39723.000000;1392;49800.000000
2x;efficient;German_17_26;90-b;120.000000;53.073879;55.771768;14400.272000;8;0;1;1;0;1;0;0;2;89.861279;209476;249570;632925;0;0;0;0;0;0;21897;13617;2;0;90;90;0;120;2981;279;50232.000000;1674;59983.333333
1x;random;European_18_40;50-b;21.000000;18.000000;14.285714;14400.055000;8;0;1;1;0;1;0;0;2;7.001439;51095;43100;148906;0;0;0;0;0;0;22084;14385;2;0;50;50;0;21;770;139;81164.000000;585;46133.333333
1x;efficient;Nsfnet_14_21;100-b;99.000000;51.180825;48.302197;14400.078000;8;0;1;1;0;1;0;0;2;15.183603;94883;123900;325118;0;0;0;0;0;0;21892;12593;2;0;100;100;0;99;1938;269;284200.000000;1203;139633.333333
1x;efficient;European_18_40;80;1047.000000;1047.000000;0.000000;7.219000;3;0;1;1;0;1;0;0;2;20.254542;84021;107280;427979;0;0;0;0;0;0;21862;-65480;1;0;80;80;0;80;2767;179;111462.000000;1047;75050.000000
1x;efficient;German_17_26;30;-1.000000;-1.000000;0.000000;1.888000;8;0;1;1;0;1;0;0;2;0.790779;9876;14910;36925;0;0;0;0;0;0;21926;-16764111;2;0;-1;-1;-1;-1727933200;21926;1;0.000000;2960;0.000000
1x;efficient;German_17_26;10-b;-1.000000;-1.000000;0.000000;0.003000;8;0;1;1;0;1;0;0;2;0.020041;356;1970;4845;0;0;0;0;0;0;808465467;808333371;808333371;892809264;892809264;808333371;892809264;825964810;925973296;842741307;0.000000;808464434;0.000000
1.5x;maxData200;German_17_26;20-b;178.000000;178.000000;0.000000;0.526000;3;0;1;1;0;1;0;0;2;0.496698;9289;10180;21911;0;0;0;0;0;0;22067;52;1;0;20;20;0;30;414;49;8436.000000;178;9833.333333
1x;efficient;German_17_26;30;-1.000000;-1.000000;0.000000;0.591000;3;0;1;1;0;1;0;0;2;0.789106;9875;14880;36925;0;0;0;0;0;0;21869;-16764111;2;0;-1;-1;-1;-1831250704;21869;1;0.000000;2960;0.000000
1x;random;European_18_40;90-b;969.000000;969.000000;0.000000;14.398000;3;0;1;1;0;1;0;0;2;30.190868;158895;135090;489105;0;0;0;0;0;0;22062;-16763599;2;0;90;90;0;90;2766;202;126282.000000;969;73600.000000
1x;efficient;European_18_40;90-b;57.000000;27.481319;51.787160;14400.163000;8;0;1;1;0;1;0;0;2;27.931329;111378;135180;536623;0;0;0;0;0;0;22037;-16763599;2;0;90;90;0;57;1879;234;133889.000000;1353;93500.000000
1x;efficient;Nsfnet_14_21;90;84.000000;48.995122;41.672474;14400.084000;8;0;1;1;0;1;0;0;2;11.100848;76906;100710;263295;0;0;0;0;0;0;22061;52;1;0;90;90;0;84;1588;245;259300.000000;1071;127750.000000
1x;efficient;German_17_26;20-b;-1.000000;-1.000000;0.000000;0.082000;3;0;1;1;0;1;0;0;2;0.200272;1680;6920;19120;0;0;0;0;0;0;21888;55;1;0;0;0;0;-2142230432;21888;1;0.000000;0;0.000000
1.5x;maxData200;German_17_26;50;26.000000;14.611079;43.803541;14400.049000;8;0;1;1;0;1;0;0;2;6.961131;49282;59250;145719;0;0;0;0;0;0;21929;55;1;0;50;50;0;26;625;134;22404.000000;472;26783.333333
1x;efficient;European_18_40;60;48.000000;48.000000;0.000000;6991.749000;8;0;1;1;0;1;0;0;2;8.064121;42600;61320;245401;0;0;0;0;0;0;22064;51;1;0;60;60;0;48;1492;160;86664.000000;939;60733.333333
1x;efficient;European_18_40;50-b;30.000000;30.000000;0.000000;1491.270000;8;0;1;1;0;1;0;0;2;4.658199;32563;43100;167438;0;0;0;0;0;0;22040;14385;2;0;50;50;0;30;971;122;73151.000000;723;49100.000000
1x;random;European_18_40;30;21.000000;21.000000;0.000000;328.154000;8;0;1;1;0;1;0;0;2;1.087933;13829;16260;58172;0;0;0;0;0;0;0;-1133871366;0;0;30;30;0;21;565;75;41728.000000;378;26700.000000
1x;random;European_18_40;10;6.000000;6.000000;0.000000;0.050000;8;0;1;1;0;1;0;0;2;0.033805;650;2220;7351;0;0;0;0;0;0;21924;808333362;4;0;10;10;0;6;79;21;10097.000000;77;6616.666667
1.5x;maxData200;German_17_26;20;13.000000;13.000000;0.000000;24.668000;8;0;1;1;0;1;0;0;2;0.482718;7896;10200;23305;0;0;0;0;0;0;22012;55;1;0;20;20;0;13;264;60;11030.000000;216;12650.000000
1x;efficient;German_17_26;90-b;-1.000000;-1.000000;0.000000;543.617000;8;0;1;1;0;1;0;0;2;22.517511;101746;125730;319455;0;0;0;0;0;0;22001;13873;2;0;0;0;0;1709283056;22001;1;0.000000;0;0.000000
1.5x;maxData200;German_17_26;30-b;309.000000;309.000000;0.000000;0.923000;3;0;1;1;0;1;0;0;2;1.644404;21755;22020;48445;0;0;0;0;0;0;21879;13873;2;0;30;30;0;45;766;84;15390.000000;309;17233.333333
1x;efficient;Nsfnet_14_21;10;-1.000000;-1.000000;0.000000;0.004000;8;0;1;1;0;1;0;0;2;0.014268;636;1590;3565;0;0;0;0;0;0;0;-1133871366;0;0;1061720948;0;0;0;0;-1277837720;0.000000;0;0.000000
1x;random;European_18_40;10-b;66.000000;66.000000;0.000000;0.063000;3;0;1;1;0;1;0;0;2;0.046376;1781;2210;6219;0;0;0;0;0;0;21927;808333362;4;0;10;10;0;10;97;17;9902.000000;66;5783.333333
1x;random;European_18_40;30-b;287.000000;287.000000;0.000000;0.950000;3;0;1;1;0;1;0;0;2;1.248303;20259;16230;51741;0;0;0;0;0;0;0;-1133871366;0;0;30;30;0;30;687;65;37633.000000;287;22050.000000
1x;random;European_18_40;40;385.000000;385.000000;0.000000;2.410000;3;0;1;1;0;1;0;0;2;2.813165;34567;28040;93433;0;0;0;0;0;0;21890;50;1;0;40;40;0;40;1039;86;50548.000000;385;29566.666667
1x;efficient;Nsfnet_14_21;100;1026.000000;1026.000000;0.000000;16.254000;3;0;1;1;0;1;0;0;2;14.658715;88049;123800;331951;0;0;0;0;0;0;21976;57;1;0;100;100;0;100;2014;216;244300.000000;1026;123433.333333
1.5x;maxData200;German_17_26;30-b;21.000000;17.000000;19.047619;14400.047000;8;0;1;1;0;1;0;0;2;1.808901;21756;22050;48445;0;0;0;0;0;0;22075;13873;2;0;30;30;0;21;481;92;15669.000000;340;17933.333333
1x;random;European_18_40;40;19.000000;12.234679;35.606955;14400.043000;8;0;1;1;0;1;0;0;2;2.818518;34568;28080;93433;0;0;0;0;0;0;21953;50;1;0;40;40;0;19;585;99;56354.000000;439;33316.666667
1x;efficient;European_18_40;60;801.000000;801.000000;0.000000;4.950000;3;0;1;1;0;1;0;0;2;8.098730;42599;61260;245401;0;0;0;0;0;0;21938;51;1;0;60;60;0;60;1650;137;82157.000000;801;56466.666667
1x;efficient;European_18_40;10;-1.000000;-1.000000;0.000000;0.007000;3;0;1;1;0;1;0;0;2;0.024242;375;2210;7625;0;0;0;0;0;0;21931;808333362;4;0;0;0;0;-2062217664;21931;4;0.000000;0;0.000000
1x;efficient;Nsfnet_14_21;80;-1.000000;-1.000000;0.000000;2.218000;3;0;1;1;0;1;0;0;2;9.471610;50067;79840;218733;0;0;0;0;0;0;22029;56;1;0;0;0;0;-297498896;22029;1;0.000000;0;0.000000
1x;efficient;European_18_40;20;252.000000;252.000000;0.000000;0.153000;3;0;1;1;0;1;0;0;2;0.259242;3255;7620;28745;0;0;0;0;0;0;22026;-1763508169;1;0;20;20;0;20;380;42;24688.000000;252;17166.666667
1x;random;European_18_40;50;21.000000;12.296077;41.447254;14400.044000;8;0;1;1;0;1;0;0;2;4.924942;39867;43100;160134;0;0;0;0;0;0;21948;13105;2;0;50;50;0;21;694;120;72106.000000;528;41683.333333
1.5x;maxData200;German_17_26;50-b;478.000000;478.000000;0.000000;5.128000;3;0;1;1;0;1;0;0;2;7.946076;64309;59200;130691;0;0;0;0;0;0;22028;49;1;0;50;50;0;75;1630;132;24740.000000;478;27950.000000
1x;efficient;Nsfnet_14_21;30;300.000000;300.000000;0.000000;0.266000;3;0;1;1;0;1;0;0;2;0.354741;5404;11940;32396;0;0;0;0;0;0;22015;3145785;1;0;30;30;0;30;531;58;60100.000000;300;32366.666667
1x;random;European_18_40;70-b;29.000000;15.527559;46.456693;14400.178000;8;0;1;1;0;1;0;0;2;14.472097;76208;82740;315793;0;0;0;0;0;0;21929;-65486;1;0;70;70;0;29;1007;160;92688.000000;681;55433.333333
1x;efficient;Nsfnet_14_21;90;948.000000;948.000000;0.000000;24.386000;3;0;1;1;0;1;0;0;2;12.303921;76905;100620;263295;0;0;0;0;0;0;21882;52;1;0;90;90;0;90;1812;207;235700.000000;948;116216.666667
1x;random;European_18_40;90-b;90.000000;21.488636;76.123737;14400.210000;8;0;1;1;0;1;0;0;2;30.583934;158896;135180;489105;0;0;0;0;0;0;21979;-16763599;2;0;90;90;0;90;3238;251;141075.000000;1202;83166.666667
1.5x;maxData200;German_17_26;50-b;35.000000;17.875000;48.928571;14400.092000;8;0;1;1;0;1;0;0;2;8.337060;64310;59250;130691;0;0;0;0;0;0;21848;49;1;0;50;50;0;35;838;152;26738.000000;558;30400.000000
1x;efficient;Nsfnet_14_21;10-b;-1.000000;-1.000000;0.000000;0.005000;3;0;1;1;0;1;0;0;2;0.016924;659;1580;3541;0;0;0;0;0;0;0;-1133871366;0;0;1061720948;0;0;0;0;-1589547416;0.000000;0;0.000000
1x;efficient;German_17_26;70-b;-1.000000;-1.000000;0.000000;2.990000;3;0;1;1;0;1;0;0;2;10.498596;38870;76720;215930;0;0;0;0;0;0;21914;12337;2;0;0;0;0;2087835376;21914;1;0.000000;0;0.000000
1x;efficient;Nsfnet_14_21;100;96.000000;52.084091;45.745739;14400.091000;8;0;1;1;0;1;0;0;2;14.680181;88050;123900;331951;0;0;0;0;0;0;22029;57;1;0;100;100;0;96;1878;229;251200.000000;1071;126933.333333
1x;efficient;German_17_26;50-b;-1.000000;-1.000000;0.000000;1.802000;3;0;1;1;0;1;0;0;2;3.640985;20160;39800;109840;0;0;0;0;0;0;21982;54;1;0;0;32;0;1514377744;21982;1;0.000000;2705;0.000000
1x;efficient;European_18_40;40-b;522.000000;522.000000;0.000000;1.173000;3;0;1;1;0;1;0;0;2;2.385451;19740;28040;108260;0;0;0;0;0;0;21866;14385;2;0;40;40;0;40;1201;87;54127.000000;522;35866.666667
1x;efficient;European_18_40;20;12.000000;12.000000;0.000000;0.456000;8;0;1;1;0;1;0;0;2;0.261281;3256;7640;28745;0;0;0;0;0;0;22041;-745865161;1;0;20;20;0;12;318;46;25531.000000;276;17983.333333
1x;efficient;European_18_40;100-b;86.000000;39.000000;54.651163;14400.132000;8;0;1;1;0;1;0;0;2;36.456839;110693;166200;689308;0;0;0;0;0;0;21993;-16764879;2;0;100;100;0;86;2652;244;138657.000000;1452;98400.000000
1.5x;maxData200;German_17_26;90-b;135.000000;34.113990;74.730378;14400.264000;8;0;1;1;0;1;0;0;2;48.602022;245094;187650;386707;0;0;0;0;0;0;22008;13617;2;0;90;90;0;135;3250;300;54349.000000;1133;59116.666667
1x;efficient;European_18_40;80-b;1065.000000;1065.000000;0.000000;8.107000;3;0;1;1;0;1;0;0;2;20.586525;96459;107280;415541;0;0;0;0;0;0;21887;-65487;1;0;80;80;0;80;2692;185;118840.000000;1065;76600.000000
1x;efficient;Nsfnet_14_21;90-b;939.000000;939.000000;0.000000;8.692000;3;0;1;1;0;1;0;0;2;10.845638;71796;100620;268404;0;0;0;0;0;0;21876;53;1;0;90;90;0;90;1727;196;217300.000000;939;109800.000000
1x;efficient;Nsfnet_14_21;50-b;486.000000;486.000000;0.000000;1.415000;3;0;1;1;0;1;0;0;2;1.873611;22293;31900;82707;0;0;0;0;0;0;21855;-65480;1;0;50;50;0;50;965;105;116400.000000;486;59783.333333
1x;efficient;European_18_40;60-b;759.000000;759.000000;0.000000;2.979000;3;0;1;1;0;1;0;0;2;8.109979;46537;61260;241463;0;0;0;0;0;0;22058;12337;2;0;60;60;0;60;1992;131;81224.000000;759;54766.666667
1x;random;European_18_40;50;477.000000;477.000000;0.000000;2.289000;3;0;1;1;0;1;0;0;2;4.846622;39866;43050;160134;0;0;0;0;0;0;22036;13105;2;0;50;50;0;50;1521;108;67533.000000;477;38683.333333
1x;efficient;Nsfnet_14_21;80-b;-1.000000;-1.000000;0.000000;3.987000;8;0;1;1;0;1;0;0;2;7.516144;56353;79920;212448;0;0;0;0;0;0;21853;50;1;0;0;0;0;-1705249040;21853;1;0.000000;0;0.000000
1x;efficient;Nsfnet_14_21;60;-1.000000;-1.000000;0.000000;1.542000;8;0;1;1;0;1;0;0;2;3.303216;33774;45540;117427;0;0;0;0;0;0;21848;-65483;1;0;-1;-1;-1;-463808736;21848;1;-nan;-1;0.000000
1x;efficient;European_18_40;70-b;36.000000;26.000000;27.777778;14400.070000;8;0;1;1;0;1;0;0;2;13.422972;52858;82740;339143;0;0;0;0;0;0;22086;-65486;1;0;70;70;0;36;1204;156;87784.000000;924;62983.333333
1x;efficient;German_17_26;80;-1.000000;-1.000000;0.000000;97.623000;8;0;1;1;0;1;0;0;2;14.723906;51301;99760;281500;0;0;0;0;0;0;22040;53;1;0;0;0;0;29873904;22040;1;0.000000;0;0.000000
1x;efficient;German_17_26;70;-1.000000;-1.000000;0.000000;51.060000;8;0;1;1;0;1;0;0;2;10.449168;43811;76790;210990;0;0;0;0;0;0;22051;12337;2;0;0;0;0;973924080;22051;1;0.000000;0;0.000000
1x;random;European_18_40;80-b;822.000000;822.000000;0.000000;10.849000;3;0;1;1;0;1;0;0;2;21.926071;130621;107280;381379;0;0;0;0;0;0;22016;-65487;1;0;80;80;0;80;2641;184;119625.000000;822;67166.666667
1x;efficient;European_18_40;70;972.000000;972.000000;0.000000;9.935000;3;0;1;1;0;1;0;0;2;13.360306;54683;82670;337317;0;0;0;0;0;0;22095;-16764879;2;0;70;70;0;70;2192;164;103291.000000;972;66416.666667
1.5x;maxData200;German_17_26;70-b;61.000000;22.243902;63.534586;14400.106000;8;0;1;1;0;1;0;0;2;22.077894;116396;114450;265805;0;0;0;0;0;0;22044;12337;2;0;70;70;0;61;1463;222;36004.000000;811;42583.333333
1x;efficient;Nsfnet_14_21;70-b;-1.000000;-1.000000;0.000000;3.594000;8;0;1;1;0;1;0;0;2;5.500849;43506;61530;162295;0;0;0;0;0;0;21921;13361;2;0;0;0;0;25921264;21921;1;0.000000;0;0.000000
1x;efficient;Nsfnet_14_21;20;225.000000;225.000000;0.000000;0.390000;3;0;1;1;0;1;0;0;2;0.156211;4143;5560;12657;0;0;0;0;0;0;21881;3145779;1;0;20;20;0;20;366;50;56700.000000;225;27383.333333
1x;efficient;European_18_40;50;30.000000;23.000000;23.333333;14400.028000;8;0;1;1;0;1;0;0;2;4.383672;26494;43100;173507;0;0;0;0;0;0;22033;13105;2;0;50;50;0;30;810;113;69556.000000;666;45316.666667
1x;efficient;Nsfnet_14_21;40-b;-1.000000;-1.000000;0.000000;0.485000;8;0;1;1;0;1;0;0;2;0.900960;12482;20760;54719;0;0;0;0;0;0;22100;50;1;0;0;0;0;512554784;22100;1;0.000000;0;0.000000
1x;efficient;German_17_26;50-b;-1.000000;-1.000000;0.000000;6.164000;8;0;1;1;0;1;0;0;2;3.580585;20161;39850;109840;0;0;0;0;0;0;21948;54;1;0;0;32;0;-1722379760;21948;1;0.000000;2705;0.000000
1x;efficient;German_17_26;20;-1.000000;-1.000000;0.000000;0.179000;8;0;1;1;0;1;0;0;2;0.224175;3211;6940;17590;0;0;0;0;0;0;22058;55;1;0;0;0;0;1502996544;22058;1;0.000000;0;0.000000
1x;efficient;European_18_40;30-b;30.000000;30.000000;0.000000;2.844000;8;0;1;1;0;1;0;0;2;0.944290;8626;16260;63375;0;0;0;0;0;0;0;-1133871366;0;0;30;30;0;30;716;73;36584.000000;438;27466.666667
1x;efficient;Nsfnet_14_21;30-b;-1.000000;-1.000000;0.000000;0.310000;8;0;1;1;0;1;0;0;2;0.400676;7453;11970;30348;0;0;0;0;0;0;21945;3145778;1;0;0;0;0;1149745152;21945;1;0.000000;0;0.000000
1x;random;European_18_40;10;68.000000;68.000000;0.000000;0.033000;3;0;1;1;0;1;0;0;2;0.033882;649;2210;7351;0;0;0;0;0;0;22101;808333362;4;0;10;10;0;10;112;18;9434.000000;68;6050.000000
1x;efficient;German_17_26;40-b;-1.000000;-1.000000;0.000000;1.102000;3;0;1;1;0;1;0;0;2;1.945706;17605;25840;65595;0;0;0;0;0;0;21900;56;1;0;0;32;0;798634512;21900;1;0.000000;2705;0.000000
1x;random;European_18_40;60;37.000000;16.218978;56.164924;14400.106000;8;0;1;1;0;1;0;0;2;9.335152;76364;61320;211637;0;0;0;0;0;0;22062;51;1;0;60;60;0;37;1154;158;90346.000000;747;54100.000000
1x;random;European_18_40;60-b;25.000000;14.414058;42.343768;14400.123000;8;0;1;1;0;1;0;0;2;9.471521;66939;61320;221062;0;0;0;0;0;0;22059;12337;2;0;60;60;0;25;837;143;89246.000000;666;52483.333333
1x;random;European_18_40;90;849.000000;849.000000;0.000000;16.055000;3;0;1;1;0;1;0;0;2;30.390358;137086;135090;510914;0;0;0;0;0;0;21938;-65486;1;0;90;90;0;90;3072;185;118001.000000;849;71150.000000
1x;efficient;Nsfnet_14_21;50;-1.000000;-1.000000;0.000000;1.446000;8;0;1;1;0;1;0;0;2;1.895335;19861;31950;85140;0;0;0;0;0;0;21870;-16763855;2;0;-1;-1;-1;-1480394976;21870;1;0.000000;0;0.000000
1x;efficient;German_17_26;20;-1.000000;-1.000000;0.000000;0.386000;3;0;1;1;0;1;0;0;2;0.242128;3210;6920;17590;0;0;0;0;0;0;22012;55;1;0;0;0;0;-1635768256;22012;1;0.000000;0;0.000000
1x;efficient;European_18_40;30;24.000000;24.000000;0.000000;57.608000;8;0;1;1;0;1;0;0;2;1.026940;8201;16260;63800;0;0;0;0;0;0;21876;989868337;2;0;30;30;0;24;573;74;41520.000000;444;29516.666667
1.5x;maxData200;German_17_26;50;443.000000;443.000000;0.000000;4.354000;3;0;1;1;0;1;0;0;2;7.395183;49281;59200;145719;0;0;0;0;0;0;21905;55;1;0;50;50;0;75;1677;126;21244.000000;443;25416.666667
1x;efficient;Nsfnet_14_21;100-b;1086.000000;1086.000000;0.000000;41.644000;3;0;1;1;0;1;0;0;2;16.350971;94882;123800;325118;0;0;0;0;0;0;21943;12593;2;0;100;100;0;100;1939;235;263000.000000;1086;129133.333333
1x;efficient;European_18_40;70-b;774.000000;774.000000;0.000000;5.397000;3;0;1;1;0;1;0;0;2;13.395508;52857;82670;339143;0;0;0;0;0;0;21946;-65486;1;0;70;70;0;70;2316;131;84089.000000;774;59083.333333
1.5x;maxData200;German_17_26;20;189.000000;189.000000;0.000000;0.512000;3;0;1;1;0;1;0;0;2;0.522716;7895;10180;23305;0;0;0;0;0;0;21918;55;1;0;20;20;0;30;556;53;9460.000000;189;11133.333333
1x;random;European_18_40;100-b;1043.000000;1043.000000;0.000000;26.153000;3;0;1;1;0;1;0;0;2;42.597012;188214;166100;611786;0;0;0;0;0;0;22023;-16764879;2;0;100;100;0;100;3506;227;139612.000000;1043;83150.000000
1x;efficient;European_18_40;100;51.000000;25.363636;50.267380;14400.268000;8;0;1;1;0;1;0;0;2;39.551587;159887;166200;640114;0;0;0;0;0;0;22004;-16763599;2;0;100;100;0;51;1735;239;145922.000000;1368;95483.333333
1x;efficient;German_17_26;40-b;-1.000000;-1.000000;0.000000;5.732000;8;0;1;1;0;1;0;0;2;1.938774;17606;25880;65595;0;0;0;0;0;0;21990;56;1;0;0;32;0;-441351664;21990;1;0.000000;2705;0.000000
1.5x;maxData200;German_17_26;70-b;645.000000;645.000000;0.000000;9.927000;3;0;1;1;0;1;0;0;2;22.128352;116395;114380;265805;0;0;0;0;0;0;22056;12337;2;0;70;70;0;105;2214;180;31444.000000;645;37033.333333
1x;efficient;German_17_26;100;-1.000000;-1.000000;0.000000;11.825000;3;0;1;1;0;1;0;0;2;27.850145;72960;154600;447040;0;0;0;0;0;0;21938;12337;2;0;0;0;0;1849059056;21938;1;0.000000;0;0.000000
1x;efficient;German_17_26;10-b;-1.000000;-1.000000;0.000000;0.007000;3;0;1;1;0;1;0;0;2;0.019970;355;1960;4845;0;0;0;0;0;0;808465467;808333371;808333371;892809264;892809264;808333371;892809264;825964810;925973296;842741307;0.000000;808464434;0.000000
1.5x;maxData200;German_17_26;90;135.000000;25.741259;80.932401;14400.209000;8;0;1;1;0;1;0;0;2;42.418028;187450;187650;444351;0;0;0;0;0;0;22084;13873;2;0;90;90;0;135;3035;282;45801.000000;1037;53416.666667
1.5x;maxData200;German_17_26;100-b;150.000000;34.576531;76.948980;14400.321000;8;0;1;1;0;1;0;0;2;62.769859;269002;231000;510999;0;0;0;0;0;0;21923;12593;2;0;100;100;0;150;3469;330;57708.000000;1232;64616.666667
1x;efficient;European_18_40;90;42.000000;24.000000;42.857143;14400.202000;8;0;1;1;0;1;0;0;2;25.045619;81091;135180;566910;0;0;0;0;0;0;21875;-65486;1;0;90;90;0;42;1408;196;116546.000000;1176;81050.000000
1x;efficient;German_17_26;50;48.000000;48.000000;0.000000;2678.544000;8;0;1;1;0;1;0;0;2;3.404698;17776;39850;112225;0;0;0;0;0;0;21890;54;1;0;50;50;0;48;995;132;20987.000000;792;27916.666667
1x;efficient;German_17_26;40;-1.000000;-1.000000;0.000000;4.753000;8;0;1;1;0;1;0;0;2;1.923211;14631;25880;68570;0;0;0;0;0;0;21896;12337;2;0;0;32;0;-4988432;21896;1;0.000000;2705;0.000000
1x;random;European_18_40;30;345.000000;345.000000;0.000000;0.749000;3;0;1;1;0;1;0;0;2;1.092898;13828;16230;58172;0;0;0;0;0;0;0;-1133871366;0;0;30;30;0;30;722;68;39412.000000;345;25066.666667
1.5x;maxData200;German_17_26;70;95.000000;24.715328;73.983865;14400.151000;8;0;1;1;0;1;0;0;2;20.937710;122915;114450;259286;0;0;0;0;0;0;21993;12337;2;0;70;70;0;95;2124;229;36346.000000;839;43350.000000
1x;efficient;Nsfnet_14_21;90-b;84.000000;54.000000;35.714286;14400.043000;8;0;1;1;0;1;0;0;2;10.806741;71797;100710;268404;0;0;0;0;0;0;21935;53;1;0;90;90;0;84;1572;207;225200.000000;978;113600.000000
1x;efficient;European_18_40;60-b;36.000000;25.000000;30.555556;14400.058000;8;0;1;1;0;1;0;0;2;8.106896;46538;61320;241463;0;0;0;0;0;0;21966;12337;2;0;60;60;0;36;1080;137;82358.000000;795;55950.000000
1x;efficient;European_18_40;70;54.000000;29.526484;45.321325;14400.159000;8;0;1;1;0;1;0;0;2;13.637613;54684;82740;337317;0;0;0;0;0;0;21951;-16764879;2;0;70;70;0;54;1782;181;107156.000000;1074;70066.666667
1x;efficient;Nsfnet_14_21;70-b;-1.000000;-1.000000;0.000000;2.704000;3;0;1;1;0;1;0;0;2;5.452862;43505;61460;162295;0;0;0;0;0;0;22008;13361;2;0;0;0;0;-2119969040;22008;1;0.000000;0;0.000000
1x;efficient;German_17_26;70;-1.000000;-1.000000;0.000000;2.918000;3;0;1;1;0;1;0;0;2;10.508362;43810;76720;210990;0;0;0;0;0;0;22033;12337;2;0;0;0;0;2064033520;22033;1;0.000000;0;0.000000
1x;efficient;European_18_40;40-b;24.000000;24.000000;0.000000;414.943000;8;0;1;1;0;1;0;0;2;2.369385;19741;28080;108260;0;0;0;0;0;0;21900;14385;2;0;40;40;0;24;709;93;54600.000000;558;36366.666667
1x;efficient;European_18_40;50-b;657.000000;657.000000;0.000000;2.831000;3;0;1;1;0;1;0;0;2;4.748916;32562;43050;167438;0;0;0;0;0;0;21896;14385;2;0;50;50;0;50;1535;111;72715.000000;657;47950.000000
1.5x;maxData200;German_17_26;90;838.000000;838.000000;0.000000;16.100000;3;0;1;1;0;1;0;0;2;42.728547;187449;187560;444351;0;0;0;0;0;0;21957;13873;2;0;90;90;0;135;3289;231;41295.000000;838;46883.333333
1x;random;European_18_40;60;634.000000;634.000000;0.000000;5.731000;3;0;1;1;0;1;0;0;2;9.481438;76363;61260;211637;0;0;0;0;0;0;22088;51;1;0;60;60;0;60;1844;136;88636.000000;634;51516.666667
1x;random;European_18_40;10-b;6.000000;6.000000;0.000000;0.075000;8;0;1;1;0;1;0;0;2;0.046873;1782;2220;6219;0;0;0;0;0;0;22052;808333362;4;0;10;10;0;6;72;19;10324.000000;72;6083.333333
1x;efficient;German_17_26;30-b;-1.000000;-1.000000;0.000000;0.953000;8;0;1;1;0;1;0;0;2;0.763953;9051;14910;37750;0;0;0;0;0;0;21955;-16763599;2;0;-1;-1;-1;-1744968464;21955;1;0.000000;2960;0.000000
1x;efficient;European_18_40;100-b;1368.000000;1368.000000;0.000000;12.755000;3;0;1;1;0;1;0;0;2;36.380364;110692;166100;689308;0;0;0;0;0;0;21892;-16764879;2;0;100;100;0;100;3310;230;136258.000000;1368;95883.333333
1x;efficient;European_18_40;90;1110.000000;1110.000000;0.000000;7.623000;3;0;1;1;0;1;0;0;2;24.994351;81090;135090;566910;0;0;0;0;0;0;22000;-65486;1;0;90;90;0;90;2812;185;115951.000000;1110;79466.666667
1.5x;maxData200;German_17_26;30;301.000000;301.000000;0.000000;1.474000;3;0;1;1;0;1;0;0;2;1.724701;22302;22020;47898;0;0;0;0;0;0;22045;13361;2;0;30;30;0;45;739;82;14809.000000;301;16750.000000
1x;efficient;Nsfnet_14_21;70;747.000000;747.000000;0.000000;3.863000;3;0;1;1;0;1;0;0;2;4.911281;37597;61460;168203;0;0;0;0;0;0;22035;56;1;0;70;70;0;70;1381;148;160100.000000;747;81400.000000
1.5x;maxData200;German_17_26;10-b;107.000000;107.000000;0.000000;0.077000;3;0;1;1;0;1;0;0;2;0.062672;2123;2840;5677;0;0;0;0;0;0;808598324;808464955;993013808;859518513;10;10;0;15;163;29;5072.000000;107;5916.666667
1.5x;maxData200;German_17_26;90-b;947.000000;947.000000;0.000000;47.221000;3;0;1;1;0;1;0;0;2;51.689221;245093;187560;386707;0;0;0;0;0;0;22079;13617;2;0;90;90;0;135;3198;253;48453.000000;947;52266.666667
1.5x;maxData200;German_17_26;80;803.000000;803.000000;0.000000;22.660000;3;0;1;1;0;1;0;0;2;35.429114;171624;148720;327576;0;0;0;0;0;0;22021;53;1;0;80;80;0;120;2773;217;40716.000000;803;44866.666667
1x;efficient;Nsfnet_14_21;40-b;-1.000000;-1.000000;0.000000;0.725000;3;0;1;1;0;1;0;0;2;0.999836;12481;20720;54719;0;0;0;0;0;0;21935;50;1;0;0;0;0;-1517955296;21935;1;0.000000;0;0.000000
1x;efficient;Nsfnet_14_21;50;-1.000000;-1.000000;0.000000;1.460000;3;0;1;1;0;1;0;0;2;1.955242;19860;31900;85140;0;0;0;0;0;0;21972;-16763855;2;0;-1;-1;-1;-898357472;21972;1;0.000000;0;0.000000
1x;random;European_18_40;20-b;12.000000;12.000000;0.000000;1.688000;8;0;1;1;0;1;0;0;2;0.374715;6862;7640;25139;0;0;0;0;0;0;0;-1133871366;0;0;20;20;0;12;243;50;25199.000000;198;14416.666667
1x;efficient;European_18_40;20-b;228.000000;228.000000;0.000000;0.411000;3;0;1;1;0;1;0;0;2;0.289397;3015;7620;28985;0;0;0;0;0;0;0;-1133871366;0;0;20;20;0;20;362;38;21259.000000;228;16283.333333
1x;random;European_18_40;50-b;469.000000;469.000000;0.000000;5.413000;3;0;1;1;0;1;0;0;2;5.673650;51094;43050;148906;0;0;0;0;0;0;22048;14385;2;0;50;50;0;50;1612;111;73407.000000;469;41250.000000
1x;efficient;Nsfnet_14_21;70;66.000000;66.000000;0.000000;2358.021000;8;0;1;1;0;1;0;0;2;4.906016;37598;61530;168203;0;0;0;0;0;0;21884;56;1;0;70;70;0;66;1291;160;169300.000000;786;85833.333333
1x;efficient;German_17_26;100-b;-1.000000;-1.000000;0.000000;355.796000;8;0;1;1;0;1;0;0;2;30.177383;114856;154700;405145;0;0;0;0;0;0;21975;57;1;0;0;0;0;-1519663376;21975;1;0.000000;0;0.000000
1.5x;maxData200;German_17_26;30;26.000000;26.000000;0.000000;11440.359000;8;0;1;1;0;1;0;0;2;1.781794;22303;22050;47898;0;0;0;0;0;0;21967;13361;2;0;30;30;0;26;516;97;16486.000000;359;18883.333333
1x;random;European_18_40;70;43.000000;21.183673;50.735643;14400.104000;8;0;1;1;0;1;0;0;2;14.095304;86693;82740;305308;0;0;0;0;0;0;22080;-16764879;2;0;70;70;0;43;1483;191;113103.000000;939;65866.666667
1.5x;efficient;German_17_26;10;174.000000;174.000000;0.000000;0.058000;3;0;1;1;0;1;0;0;2;0.058428;1090;2840;6710;0;0;0;0;0;0;993016624;925904944;808729392;774912816;10;10;0;15;256;29;5643.000000;174;6666.666667
1.5x;efficient;Nsfnet_14_21;90;924.000000;924.000000;0.000000;11.324000;3;0;1;1;0;1;0;0;2;24.745679;116460;150165;393840;0;0;0;0;0;0;21938;53;1;0;90;90;0;135;2775;199;228900.000000;924;113083.333333
1x;random;European_18_40;100;100.000000;19.387826;80.612174;14400.215000;8;0;1;1;0;1;0;0;2;41.901323;202124;166200;597877;0;0;0;0;0;0;22066;-16763599;2;0;100;100;0;100;3499;254;149513.000000;1107;85116.666667
2x;maxData200;German_17_26;10;103.000000;103.000000;0.000000;0.130000;3;0;1;1;0;1;0;0;2;0.116723;2986;3720;7414;0;0;0;0;0;0;808598324;808464955;993013808;859518513;10;10;0;20;237;28;5366.000000;103;6016.666667
1.5x;efficient;Nsfnet_14_21;20-b;-1.000000;-1.000000;0.000000;0.258000;8;0;1;1;0;1;0;0;2;0.263487;4620;8190;20581;0;0;0;0;0;0;21921;12849;2;0;0;0;0;-52262912;21921;1;0.000000;0;0.000000
2x;maxData200;German_17_26;80;803.000000;803.000000;0.000000;25.354000;3;0;1;1;0;1;0;0;2;57.641307;230264;197760;435336;0;0;0;0;0;0;21989;57;1;0;80;80;0;160;3706;217;40393.000000;803;44666.666667
1.5x;efficient;German_17_26;40;654.000000;654.000000;0.000000;2.268000;3;0;1;1;0;1;0;0;2;4.387460;22990;38360;101810;0;0;0;0;0;0;21985;12337;2;0;40;40;0;60;1299;109;20071.000000;654;24500.000000
2x;maxData200;German_17_26;40-b;417.000000;417.000000;0.000000;3.642000;3;0;1;1;0;1;0;0;2;7.314601;55260;50880;111140;0;0;0;0;0;0;21971;54;1;0;40;40;0;80;1619;113;20695.000000;417;23333.333333
1.5x;efficient;European_18_40;60;801.000000;801.000000;0.000000;4.320000;3;0;1;1;0;1;0;0;2;21.872983;65609;91260;366391;0;0;0;0;0;0;22047;-65479;1;0;60;60;0;90;2954;137;82535.000000;801;56550.000000
1x;random;European_18_40;90;42.000000;18.239362;56.572948;14400.174000;8;0;1;1;0;1;0;0;2;30.948595;137087;135180;510914;0;0;0;0;0;0;22074;-65486;1;0;90;90;0;42;1403;216;124772.000000;976;75750.000000
1.5x;efficient;European_18_40;30;24.000000;24.000000;0.000000;23.530000;8;0;1;1;0;1;0;0;2;2.324847;13121;24060;94880;0;0;0;0;0;0;22020;12593;2;0;30;30;0;24;590;76;42527.000000;456;29850.000000
1.5x;efficient;German_17_26;50-b;804.000000;804.000000;0.000000;4.733000;3;0;1;1;0;1;0;0;2;8.645991;31360;59200;163640;0;0;0;0;0;0;21974;49;1;0;50;50;0;75;1744;134;24278.000000;804;30783.333333
1.5x;efficient;European_18_40;70;972.000000;972.000000;0.000000;9.008000;3;0;1;1;0;1;0;0;2;30.004467;84013;123270;503987;0;0;0;0;0;0;22081;-16764879;2;0;70;70;0;105;3637;164;103129.000000;972;66416.666667
2x;maxData200;Nsfnet_14_21;10;12.000000;12.000000;0.000000;0.116000;8;0;1;1;0;1;0;0;2;0.070986;1598;3000;6803;0;0;0;0;0;0;0;-755914244;0;0;10;10;0;12;99;21;25300.000000;92;11983.333333
1.5x;efficient;German_17_26;30-b;504.000000;504.000000;0.000000;1.534000;3;0;1;1;0;1;0;0;2;1.890371;14480;22020;55720;0;0;0;0;0;0;21993;13873;2;0;30;30;0;45;987;84;15388.000000;504;18183.333333
1x;efficient;European_18_40;40;27.000000;27.000000;0.000000;6102.341000;8;0;1;1;0;1;0;0;2;2.320035;17679;28080;110322;0;0;0;0;0;0;21883;50;1;0;40;40;0;27;741;100;52143.000000;588;37250.000000
1.5x;efficient;European_18_40;30-b;30.000000;30.000000;0.000000;3.350000;8;0;1;1;0;1;0;0;2;2.139667;13801;24060;94200;0;0;0;0;0;0;21997;12849;2;0;30;30;0;30;644;76;37425.000000;456;27866.666667
1.5x;maxData200;German_17_26;80;120.000000;27.923077;76.730769;14400.192000;8;0;1;1;0;1;0;0;2;34.826300;171625;148800;327576;0;0;0;0;0;0;21956;53;1;0;80;80;0;120;2721;259;44996.000000;968;50466.666667
1.5x;efficient;German_17_26;40-b;684.000000;684.000000;0.000000;4.776000;3;0;1;1;0;1;0;0;2;4.721610;27665;38360;97135;0;0;0;0;0;0;22049;56;1;0;40;40;0;60;1285;114;20756.000000;684;24866.666667
2x;maxData200;Nsfnet_14_21;80-b;836.000000;836.000000;0.000000;9.520000;3;0;1;1;0;1;0;0;2;32.073099;122015;158320;415585;0;0;0;0;0;0;22048;52;1;0;80;80;0;160;3295;181;185100.000000;836;88900.000000
1.5x;efficient;German_17_26;80;1302.000000;1302.000000;0.000000;66.208000;3;0;1;1;0;1;0;0;2;35.503992;78660;148720;420540;0;0;0;0;0;0;22053;53;1;0;80;80;0;120;2811;217;40416.000000;1302;50216.666667
2x;maxData200;Nsfnet_14_21;20;220.000000;220.000000;0.000000;0.474000;3;0;1;1;0;1;0;0;2;0.603292;9065;10780;24535;0;0;0;0;0;0;0;-1133871366;0;808464430;20;20;0;40;732;49;55600.000000;220;25350.000000
1x;efficient;German_17_26;90;84.000000;41.052632;51.127820;14400.060000;8;0;1;1;0;1;0;0;2;20.763084;72251;125730;348950;0;0;0;0;0;0;22027;12593;2;0;90;90;0;84;2081;262;44466.000000;1572;55583.333333
1.5x;efficient;Nsfnet_14_21;60;-1.000000;-1.000000;0.000000;3.244000;8;0;1;1;0;1;0;0;2;7.388465;51474;67770;175327;0;0;0;0;0;0;22059;13105;2;0;0;0;0;21759728;22059;1;0.000000;0;0.000000
1.5x;efficient;European_18_40;10-b;6.000000;6.000000;0.000000;0.034000;8;0;1;1;0;1;0;0;2;0.086695;1539;3220;10462;0;0;0;0;0;0;21970;808333362;4;0;10;10;0;6;114;21;10695.000000;114;8183.333333
2x;maxData200;German_17_26;20-b;14.000000;14.000000;0.000000;100.066000;8;0;1;1;0;1;0;0;2;0.913632;12720;13460;28881;0;0;0;0;0;0;21887;56;1;0;20;20;0;14;260;55;9880.000000;202;11100.000000
2x;maxData200;Nsfnet_14_21;50-b;452.000000;452.000000;0.000000;2.050000;3;0;1;1;0;1;0;0;2;7.434159;48062;62950;161938;0;0;0;0;0;0;21891;52;1;0;50;50;0;100;2058;104;114100.000000;452;54083.333333
2x;maxData200;Nsfnet_14_21;20-b;32.000000;32.000000;0.000000;2.724000;8;0;1;1;0;1;0;0;2;0.492963;7225;10800;26376;0;0;0;0;0;0;0;-1133871366;0;993213238;20;20;0;32;416;56;49700.000000;243;24366.666667
1.5x;maxData200;German_17_26;80-b;120.000000;30.461988;74.615010;14400.248000;8;0;1;1;0;1;0;0;2;35.784657;195251;148800;303950;0;0;0;0;0;0;21908;13105;2;0;80;80;0;120;2716;270;45571.000000;1019;50866.666667
2x;maxData200;German_17_26;60-b;551.000000;551.000000;0.000000;6.530000;3;0;1;1;0;1;0;0;2;21.996463;105742;112320;268658;0;0;0;0;0;0;21950;49;1;0;60;60;0;120;2554;153;26433.000000;551;31216.666667
2x;maxData200;Nsfnet_14_21;80;884.000000;884.000000;0.000000;6.665000;3;0;1;1;0;1;0;0;2;28.709517;107946;158320;429654;0;0;0;0;0;0;21903;12593;2;0;80;80;0;160;3340;184;180400.000000;884;86100.000000
1.5x;efficient;German_17_26;20;318.000000;318.000000;0.000000;0.314000;3;0;1;1;0;1;0;0;2;0.518471;5350;10180;25850;0;0;0;0;0;0;21863;55;1;0;20;20;0;30;526;53;9471.000000;318;11583.333333
1x;random;European_18_40;80-b;71.000000;18.149940;74.436704;14400.174000;8;0;1;1;0;1;0;0;2;21.637045;130622;107360;381379;0;0;0;0;0;0;22053;-65487;1;0;80;80;0;71;1866;212;121567.000000;937;70050.000000
1x;efficient;European_18_40;80-b;48.000000;23.777948;50.462608;14400.235000;8;0;1;1;0;1;0;0;2;21.588062;96460;107360;415541;0;0;0;0;0;0;21942;-65487;1;0;80;80;0;48;1659;202;122579.000000;1161;79866.666667
1.5x;efficient;Nsfnet_14_21;60;-1.000000;-1.000000;0.000000;2.578000;3;0;1;1;0;1;0;0;2;7.361435;51473;67710;175327;0;0;0;0;0;0;21948;13105;2;0;0;0;0;696350448;21948;1;0.000000;0;0.000000
1.5x;maxData200;German_17_26;40;27.000000;16.212581;39.953402;14400.087000;8;0;1;1;0;1;0;0;2;4.837767;47252;38400;77549;0;0;0;0;0;0;21979;12337;2;0;40;40;0;27;630;117;21370.000000;436;23450.000000
1.5x;efficient;European_18_40;50-b;30.000000;30.000000;0.000000;1424.364000;8;0;1;1;0;1;0;0;2;10.646718;50538;64100;249463;0;0;0;0;0;0;22061;-65486;1;0;50;50;0;30;949;125;74081.000000;741;49633.333333
1.5x;efficient;German_17_26;40;48.000000;48.000000;0.000000;5307.176000;8;0;1;1;0;1;0;0;2;4.415683;22991;38400;101810;0;0;0;0;0;0;21936;12337;2;0;40;40;0;48;1000;115;20445.000000;690;25183.333333
1.5x;maxData200;German_17_26;100;136.000000;27.670968;79.653700;14400.099000;8;0;1;1;0;1;0;0;2;58.341334;226109;231000;553892;0;0;0;0;0;0;21947;56;1;0;100;100;0;136;3134;306;50262.000000;1108;59550.000000
1.5x;efficient;Nsfnet_14_21;70-b;96.000000;96.000000;0.000000;1607.439000;8;0;1;1;0;1;0;0;2;12.152142;66116;91665;242585;0;0;0;0;0;0;22100;13361;2;0;70;70;0;96;1832;176;182700.000000;834;91316.666667
1.5x;efficient;Nsfnet_14_21;40-b;60.000000;60.000000;0.000000;13.621000;8;0;1;1;0;1;0;0;2;2.157615;19182;30780;81619;0;0;0;0;0;0;21941;-65486;1;0;40;40;0;60;807;100;101600.000000;483;51633.333333
2x;maxData200;German_17_26;20;189.000000;189.000000;0.000000;0.467000;3;0;1;1;0;1;0;0;2;0.915273;10805;13440;30795;0;0;0;0;0;0;21923;54;1;0;20;20;0;40;712;53;9839.000000;189;11350.000000
2x;maxData200;Nsfnet_14_21;20-b;207.000000;207.000000;0.000000;0.566000;3;0;1;1;0;1;0;0;2;0.526519;7224;10780;26376;0;0;0;0;0;0;0;-1133871366;0;993213238;20;20;0;40;620;46;45500.000000;207;22166.666667
1x;efficient;European_18_40;80;48.000000;24.387097;49.193548;14400.202000;8;0;1;1;0;1;0;0;2;20.780224;84022;107360;427979;0;0;0;0;0;0;21928;-65480;1;0;80;80;0;48;1686;205;119870.000000;1197;81350.000000
1.5x;efficient;German_17_26;70;1176.000000;1176.000000;0.000000;31.413000;3;0;1;1;0;1;0;0;2;23.352974;67400;114380;314800;0;0;0;0;0;0;21946;12337;2;0;70;70;0;105;2387;196;33157.000000;1176;41950.000000
1.5x;maxData200;German_17_26;60;40.000000;21.561969;46.095076;14400.059000;8;0;1;1;0;1;0;0;2;12.005576;72842;84600;207959;0;0;0;0;0;0;21953;13361;2;0;60;60;0;40;973;176;28894.000000;628;34800.000000
2x;maxData200;German_17_26;100;918.000000;918.000000;0.000000;23.114000;3;0;1;1;0;1;0;0;2;103.167781;302958;307200;737042;0;0;0;0;0;0;21873;56;1;0;100;100;0;200;5038;256;45709.000000;918;53350.000000
2x;maxData200;German_17_26;70-b;645.000000;645.000000;0.000000;11.729000;3;0;1;1;0;1;0;0;2;37.303195;156295;152040;353305;0;0;0;0;0;0;21985;13873;2;0;70;70;0;140;3193;180;30891.000000;645;36500.000000
1x;random;European_18_40;80;61.000000;18.095224;70.335699;14400.137000;8;0;1;1;0;1;0;0;2;21.073975;121266;107360;390735;0;0;0;0;0;0;22022;-65480;1;0;80;80;0;61;2065;215;120139.000000;991;72850.000000
1.5x;efficient;German_17_26;30;492.000000;492.000000;0.000000;1.493000;3;0;1;1;0;1;0;0;2;1.816398;15800;22020;54400;0;0;0;0;0;0;21982;13361;2;0;30;30;0;45;794;82;14550.000000;492;17550.000000
2x;maxData200;German_17_26;10;8.000000;8.000000;0.000000;0.614000;8;0;1;1;0;1;0;0;2;0.116895;2987;3730;7414;0;0;0;0;0;0;808598324;808464955;993013808;859518513;10;10;0;8;116;31;5768.000000;115;6466.666667
1.5x;efficient;Nsfnet_14_21;80;108.000000;108.000000;0.000000;2819.510000;8;0;1;1;0;1;0;0;2;16.868033;76028;119160;327173;0;0;0;0;0;0;21900;56;1;0;80;80;0;108;2069;199;187500.000000;984;98616.666667
1.5x;maxData200;German_17_26;60-b;43.000000;19.612905;54.388594;14400.063000;8;0;1;1;0;1;0;0;2;12.535706;78653;84600;202148;0;0;0;0;0;0;22012;49;1;0;60;60;0;43;1042;188;30503.000000;688;36066.666667
1.5x;maxData200;German_17_26;40-b;28.000000;15.243491;45.558961;14400.036000;8;0;1;1;0;1;0;0;2;4.096084;40921;38400;83880;0;0;0;0;0;0;22087;56;1;0;40;40;0;28;660;146;25333.000000;548;28433.333333
1.5x;efficient;German_17_26;30;42.000000;42.000000;0.000000;892.093000;8;0;1;1;0;1;0;0;2;1.814425;15801;22050;54400;0;0;0;0;0;0;22061;13361;2;0;30;30;0;42;765;90;15514.000000;540;18716.666667
2x;maxData200;Nsfnet_14_21;30;280.000000;280.000000;0.000000;0.431000;3;0;1;1;0;1;0;0;2;1.595695;12938;23370;62662;0;0;0;0;0;0;22038;-16764879;2;0;30;30;0;60;1217;58;60100.000000;280;29033.333333
2x;maxData200;German_17_26;60;552.000000;552.000000;0.000000;6.069000;3;0;1;1;0;1;0;0;2;21.136701;97921;112320;276479;0;0;0;0;0;0;21952;13361;2;0;60;60;0;120;2541;157;26994.000000;552;32566.666667
1.5x;efficient;Nsfnet_14_21;60-b;54.000000;54.000000;0.000000;622.715000;8;0;1;1;0;1;0;0;2;7.507923;53075;67770;173726;0;0;0;0;0;0;21916;13361;2;0;60;60;0;54;965;142;159800.000000;666;77816.666667
2x;maxData200;Nsfnet_14_21;20;15.000000;15.000000;0.000000;3.557000;8;0;1;1;0;1;0;0;2;0.548700;9066;10800;24535;0;0;0;0;0;0;0;-1133871366;0;808464430;20;20;0;15;272;52;57700.000000;229;26383.333333
1x;random;European_18_40;100-b;100.000000;21.056373;78.943627;14400.219000;8;0;1;1;0;1;0;0;2;40.483871;188215;166200;611786;0;0;0;0;0;0;22012;-16764879;2;0;100;100;0;100;3418;265;149046.000000;1194;89233.333333
1.5x;efficient;Nsfnet_14_21;50;540.000000;540.000000;0.000000;1.495000;3;0;1;1;0;1;0;0;2;3.995584;30410;47425;127090;0;0;0;0;0;0;22007;56;1;0;50;50;0;75;1421;108;114300.000000;540;57450.000000
2x;maxData200;Nsfnet_14_21;90;885.000000;885.000000;0.000000;8.818000;3;0;1;1;0;1;0;0;2;44.333931;159562;199710;520838;0;0;0;0;0;0;22042;53;1;0;90;90;0;180;3729;199;228700.000000;885;106833.333333
2x;maxData200;Nsfnet_14_21;90-b;80.000000;42.415875;46.980157;14400.136000;8;0;1;1;0;1;0;0;2;46.208879;151967;199800;528434;0;0;0;0;0;0;22081;53;1;0;90;90;0;80;1523;208;223700.000000;935;105800.000000
2x;maxData200;German_17_26;10-b;107.000000;107.000000;0.000000;0.534000;3;0;1;1;0;1;0;0;2;0.118174;3003;3720;7397;0;0;0;0;0;0;808598324;808464955;993013808;859518513;10;10;0;20;213;29;4858.000000;107;5766.666667
1.5x;efficient;Nsfnet_14_21;30;30.000000;30.000000;0.000000;6.248000;8;0;1;1;0;1;0;0;2;0.849839;8390;17685;48311;0;0;0;0;0;0;21853;-16764879;2;0;30;30;0;30;546;65;64800.000000;321;34600.000000
2x;maxData200;German_17_26;30;301.000000;301.000000;0.000000;2.394000;3;0;1;1;0;1;0;0;2;3.189881;30252;29160;63348;0;0;0;0;0;0;21927;13361;2;0;30;30;0;60;802;82;15022.000000;301;16850.000000
2x;maxData200;German_17_26;80;137.000000;27.923077;79.618192;14400.281000;8;0;1;1;0;1;0;0;2;57.779411;230265;197840;435336;0;0;0;0;0;0;22068;57;1;0;80;80;0;137;2347;264;43909.000000;983;50366.666667
1.5x;efficient;German_17_26;100-b;150.000000;57.000000;62.000000;14400.182000;8;0;1;1;0;1;0;0;2;68.319337;175306;231000;604695;0;0;0;0;0;0;21888;12593;2;0;100;100;0;150;3705;312;54352.000000;1872;65850.000000
1.5x;efficient;German_17_26;20-b;300.000000;300.000000;0.000000;0.102000;3;0;1;1;0;1;0;0;2;0.461506;2800;10180;28400;0;0;0;0;0;0;21845;52;1;0;20;20;0;30;560;50;7717.000000;300;11000.000000
1.5x;efficient;Nsfnet_14_21;30-b;-1.000000;-1.000000;0.000000;0.484000;3;0;1;1;0;1;0;0;2;0.899066;11547;17655;45153;0;0;0;0;0;0;22058;-65480;1;0;0;0;0;1678845728;22058;1;0.000000;0;0.000000
1.5x;efficient;German_17_26;60;942.000000;942.000000;0.000000;8.365000;3;0;1;1;0;1;0;0;2;13.520260;47345;84540;233455;0;0;0;0;0;0;21989;13361;2;0;60;60;0;90;2004;157;26732.000000;942;34333.333333
2x;maxData200;Nsfnet_14_21;60;98.000000;98.000000;0.000000;3997.786000;8;0;1;1;0;1;0;0;2;13.153396;70246;90000;232155;0;0;0;0;0;0;22045;13105;2;0;60;60;0;98;1720;183;171200.000000;823;81633.333333
2x;maxData200;Nsfnet_14_21;30-b;317.000000;317.000000;0.000000;0.732000;3;0;1;1;0;1;0;0;2;1.611576;16381;23370;59219;0;0;0;0;0;0;21922;-65480;1;0;30;30;0;60;1063;68;70700.000000;317;33350.000000
2x;maxData200;Nsfnet_14_21;40;337.000000;337.000000;0.000000;1.368000;3;0;1;1;0;1;0;0;2;4.341159;36888;40760;97512;0;0;0;0;0;0;21898;12337;2;0;40;40;0;80;1395;85;109100.000000;337;50783.333333
2x;maxData200;German_17_26;100-b;1028.000000;1028.000000;0.000000;45.620000;3;0;1;1;0;1;0;0;2;110.727998;360451;307200;679549;0;0;0;0;0;0;22039;12593;2;0;100;100;0;200;4878;279;51020.000000;1028;57066.666667
1.5x;efficient;Nsfnet_14_21;10;12.000000;12.000000;0.000000;0.089000;8;0;1;1;0;1;0;0;2;0.033428;1061;2295;5240;0;0;0;0;0;0;0;-1133871366;0;0;10;10;0;12;131;20;25200.000000;96;12383.333333
1.5x;efficient;German_17_26;20;24.000000;24.000000;0.000000;4.883000;8;0;1;1;0;1;0;0;2;0.522095;5351;10200;25850;0;0;0;0;0;0;21975;55;1;0;20;20;0;24;461;54;9201.000000;324;11516.666667
1.5x;efficient;German_17_26;50;48.000000;48.000000;0.000000;3932.574000;8;0;1;1;0;1;0;0;2;8.072735;27651;59250;167350;0;0;0;0;0;0;21846;55;1;0;50;50;0;48;1120;134;21927.000000;804;28700.000000
2x;maxData200;Nsfnet_14_21;80;106.000000;106.000000;0.000000;6107.609000;8;0;1;1;0;1;0;0;2;28.822459;107947;158400;429654;0;0;0;0;0;0;22082;12593;2;0;80;80;0;106;1953;198;187600.000000;935;89800.000000
1.5x;efficient;European_18_40;60-b;36.000000;36.000000;0.000000;13262.446000;8;0;1;1;0;1;0;0;2;18.258645;71588;91320;360413;0;0;0;0;0;0;21865;-16763855;2;0;60;60;0;36;1160;144;84519.000000;837;57766.666667
1.5x;efficient;European_18_40;90;1110.000000;1110.000000;0.000000;8.792000;3;0;1;1;0;1;0;0;2;56.604499;124020;201690;847980;0;0;0;0;0;0;21891;53;1;0;90;90;0;135;4818;185;114882.000000;1110;78916.666667
2x;maxData200;Nsfnet_14_21;70-b;94.000000;94.000000;0.000000;2329.078000;8;0;1;1;0;1;0;0;2;20.553023;95372;121800;316229;0;0;0;0;0;0;21925;12337;2;0;70;70;0;94;1625;170;179700.000000;792;84050.000000
1.5x;efficient;European_18_40;80;1047.000000;1047.000000;0.000000;11.446000;3;0;1;1;0;1;0;0;2;43.531424;128501;160080;639499;0;0;0;0;0;0;21883;-65480;1;0;80;80;0;120;3991;179;112286.000000;1047;75416.666667
1.5x;efficient;Nsfnet_14_21;30-b;-1.000000;-1.000000;0.000000;0.495000;8;0;1;1;0;1;0;0;2;0.890259;11548;17685;45153;0;0;0;0;0;0;21870;-65480;1;0;0;0;0;909416224;21870;1;0.000000;0;0.000000
2x;maxData200;German_17_26;20-b;178.000000;178.000000;0.000000;0.641000;3;0;1;1;0;1;0;0;2;0.885877;12719;13440;28881;0;0;0;0;0;0;21995;56;1;0;20;20;0;40;695;49;8910.000000;178;10100.000000
1.5x;efficient;German_17_26;90;1392.000000;1392.000000;0.000000;15.782000;3;0;1;1;0;1;0;0;2;45.964150;110500;187560;521300;0;0;0;0;0;0;22007;13873;2;0;90;90;0;135;3452;232;39654.000000;1392;49916.666667
2x;maxData200;Nsfnet_14_21;70-b;750.000000;750.000000;0.000000;7.058000;3;0;1;1;0;1;0;0;2;20.554504;95371;121730;316229;0;0;0;0;0;0;22012;12337;2;0;70;70;0;140;2694;160;174700.000000;750;81550.000000
2x;maxData200;German_17_26;90-b;146.000000;34.113990;76.634254;14400.476000;8;0;1;1;0;1;0;0;2;85.963483;328614;249570;513787;0;0;0;0;0;0;21992;13617;2;0;90;90;0;146;3165;292;50076.000000;1098;56050.000000
1.5x;efficient;European_18_40;50;624.000000;624.000000;0.000000;2.111000;3;0;1;1;0;1;0;0;2;9.951009;41093;64050;258907;0;0;0;0;0;0;22086;-16763855;2;0;50;50;0;75;2354;106;68969.000000;624;44450.000000
1.5x;efficient;Nsfnet_14_21;80-b;84.000000;84.000000;0.000000;4778.011000;8;0;1;1;0;1;0;0;2;17.706245;85513;119160;317688;0;0;0;0;0;0;21979;50;1;0;80;80;0;84;1522;192;191800.000000;921;101216.666667
2x;maxData200;German_17_26;90;838.000000;838.000000;0.000000;25.218000;3;0;1;1;0;1;0;0;2;75.326699;251304;249480;591096;0;0;0;0;0;0;22025;13873;2;0;90;90;0;180;4294;231;40871.000000;838;46666.666667
1.5x;efficient;Nsfnet_14_21;40;30.000000;30.000000;0.000000;113.890000;8;0;1;1;0;1;0;0;2;2.440951;26870;30780;73931;0;0;0;0;0;0;21982;-65482;1;0;40;40;0;30;538;93;111300.000000;381;54166.666667
2x;maxData200;German_17_26;30;26.000000;26.000000;0.000000;5003.745000;8;0;1;1;0;1;0;0;2;2.992001;30253;29190;63348;0;0;0;0;0;0;21919;13361;2;0;30;30;0;26;569;100;16586.000000;373;18983.333333
1.5x;efficient;German_17_26;90;85.000000;41.249207;51.471521;14400.080000;8;0;1;1;0;1;0;0;2;45.686070;110501;187650;521300;0;0;0;0;0;0;21871;13873;2;0;90;90;0;85;1956;242;41179.000000;1452;51683.333333
1.5x;efficient;Nsfnet_14_21;10-b;12.000000;12.000000;0.000000;0.073000;8;0;1;1;0;1;0;0;2;0.033079;1115;2295;5186;0;0;0;0;0;0;0;-1133871366;0;0;10;10;0;12;147;28;27100.000000;138;13616.666667
2x;maxData200;German_17_26;20;13.000000;13.000000;0.000000;29.115000;8;0;1;1;0;1;0;0;2;0.857607;10806;13460;30795;0;0;0;0;0;0;21912;54;1;0;20;20;0;13;265;61;10822.000000;221;12500.000000
1.5x;efficient;German_17_26;10-b;-1.000000;-1.000000;0.000000;0.033000;8;0;1;1;0;1;0;0;2;0.052547;711;2850;7090;0;0;0;0;0;0;808465467;808333371;808333371;892809264;892809264;808333371;892809264;825964810;925973296;842741307;0.000000;808464434;0.000000
1.5x;efficient;Nsfnet_14_21;100-b;1059.000000;1059.000000;0.000000;12.700000;3;0;1;1;0;1;0;0;2;33.982509;143582;184850;486418;0;0;0;0;0;0;22034;54;1;0;100;100;0;150;3008;226;255300.000000;1059;125633.333333
2x;maxData200;German_17_26;90;120.000000;25.741259;78.548951;14400.472000;8;0;1;1;0;1;0;0;2;79.755785;251305;249570;591096;0;0;0;0;0;0;22077;13873;2;0;90;90;0;120;2255;252;42585.000000;920;49250.000000
1.5x;efficient;German_17_26;20-b;30.000000;30.000000;0.000000;0.543000;8;0;1;1;0;1;0;0;2;0.493199;2801;10200;28400;0;0;0;0;0;0;21896;52;1;0;20;20;0;30;482;51;8113.000000;306;11300.000000
2x;maxData200;Nsfnet_14_21;60;706.000000;706.000000;0.000000;6.413000;3;0;1;1;0;1;0;0;2;13.831170;70245;89940;232155;0;0;0;0;0;0;22084;13105;2;0;60;60;0;120;2397;150;154100.000000;706;72933.333333
1.5x;efficient;European_18_40;70-b;774.000000;774.000000;0.000000;5.838000;3;0;1;1;0;1;0;0;2;29.791700;81207;123270;506793;0;0;0;0;0;0;22073;-65486;1;0;70;70;0;105;3329;131;84349.000000;774;59133.333333
1.5x;efficient;German_17_26;30-b;36.000000;36.000000;0.000000;1404.014000;8;0;1;1;0;1;0;0;2;1.886331;14481;22050;55720;0;0;0;0;0;0;21852;13873;2;0;30;30;0;36;753;91;15833.000000;546;19000.000000
2x;maxData200;German_17_26;70;714.000000;714.000000;0.000000;10.374000;3;0;1;1;0;1;0;0;2;37.102814;165054;152040;344546;0;0;0;0;0;0;21978;53;1;0;70;70;0;140;3033;196;33028.000000;714;38700.000000
2x;maxData200;Nsfnet_14_21;50-b;42.000000;42.000000;0.000000;157.912000;8;0;1;1;0;1;0;0;2;9.086658;48063;63000;161938;0;0;0;0;0;0;22072;52;1;0;50;50;0;42;772;117;124000.000000;503;58916.666667
1.5x;efficient;German_17_26;50-b;54.000000;54.000000;0.000000;6634.199000;8;0;1;1;0;1;0;0;2;8.358086;31361;59250;163640;0;0;0;0;0;0;21979;49;1;0;50;50;0;54;1280;150;25660.000000;900;32883.333333
1.5x;efficient;Nsfnet_14_21;10-b;132.000000;132.000000;0.000000;0.061000;3;0;1;1;0;1;0;0;2;0.032891;1114;2285;5186;0;0;0;0;0;0;0;-1133871366;0;0;10;10;0;15;223;26;26300.000000;132;13183.333333
1.5x;efficient;European_18_40;20;252.000000;252.000000;0.000000;0.240000;3;0;1;1;0;1;0;0;2;0.608484;5425;11220;42575;0;0;0;0;0;0;0;-1133871366;0;0;20;20;0;30;572;42;24607.000000;252;17083.333333
2x;maxData200;German_17_26;70-b;57.000000;22.243902;60.975610;14400.172000;8;0;1;1;0;1;0;0;2;39.644014;156296;152110;353305;0;0;0;0;0;0;21925;13873;2;0;70;70;0;57;1219;206;37072.000000;748;42183.333333
1.5x;efficient;European_18_40;60-b;759.000000;759.000000;0.000000;6.307000;3;0;1;1;0;1;0;0;2;19.220146;71587;91260;360413;0;0;0;0;0;0;21895;-16763855;2;0;60;60;0;90;3115;131;81695.000000;759;54900.000000
1.5x;efficient;Nsfnet_14_21;70;747.000000;747.000000;0.000000;3.385000;3;0;1;1;0;1;0;0;2;11.554421;57197;91595;251503;0;0;0;0;0;0;21870;56;1;0;70;70;0;105;2086;148;159900.000000;747;81366.666667
1.5x;efficient;Nsfnet_14_21;90-b;939.000000;939.000000;0.000000;9.196000;3;0;1;1;0;1;0;0;2;25.383374;108786;150165;401514;0;0;0;0;0;0;22044;53;1;0;90;90;0;135;2727;196;217300.000000;939;109800.000000
1.5x;efficient;European_18_40;20-b;228.000000;228.000000;0.000000;0.282000;3;0;1;1;0;1;0;0;2;0.647293;5025;11220;42975;0;0;0;0;0;0;0;-1133871366;0;0;20;20;0;30;548;38;21318.000000;228;16383.333333
1.5x;efficient;European_18_40;10;102.000000;102.000000;0.000000;0.041000;3;0;1;1;0;1;0;0;2;0.069667;750;3210;11250;0;0;0;0;0;0;22008;808333362;4;0;10;10;0;15;141;17;9520.000000;102;7166.666667
1.5x;efficient;Nsfnet_14_21;30;300.000000;300.000000;0.000000;0.327000;3;0;1;1;0;1;0;0;2;0.835684;8389;17655;48311;0;0;0;0;0;0;21979;-16764879;2;0;30;30;0;45;821;58;60100.000000;300;32366.666667
1.5x;efficient;German_17_26;60-b;66.000000;66.000000;0.000000;6525.266000;8;0;1;1;0;1;0;0;2;13.584542;47176;84600;233625;0;0;0;0;0;0;22019;49;1;0;60;60;0;66;1402;171;28840.000000;1026;36816.666667
2x;maxData200;Nsfnet_14_21;60-b;54.000000;54.000000;0.000000;1344.148000;8;0;1;1;0;1;0;0;2;13.558384;74996;90000;227405;0;0;0;0;0;0;22038;13361;2;0;60;60;0;54;1013;141;158900.000000;636;74350.000000
1.5x;efficient;German_17_26;100;1548.000000;1548.000000;0.000000;16.892000;3;0;1;1;0;1;0;0;2;62.349979;111360;230900;668640;0;0;0;0;0;0;22042;56;1;0;100;100;0;150;3789;258;45231.000000;1548;58733.333333
1.5x;efficient;Nsfnet_14_21;80;933.000000;933.000000;0.000000;8.915000;3;0;1;1;0;1;0;0;2;16.571209;76027;119080;327173;0;0;0;0;0;0;21865;56;1;0;80;80;0;120;2356;184;180200.000000;933;94800.000000
1.5x;efficient;European_18_40;40;27.000000;27.000000;0.000000;5110.510000;8;0;1;1;0;1;0;0;2;5.269357;27659;41680;164342;0;0;0;0;0;0;22090;50;1;0;40;40;0;27;699;92;50574.000000;540;35666.666667
2x;maxData200;Nsfnet_14_21;90-b;890.000000;890.000000;0.000000;7.895000;3;0;1;1;0;1;0;0;2;43.489273;151966;199710;528434;0;0;0;0;0;0;21854;53;1;0;90;90;0;180;3702;196;218100.000000;890;102933.333333
1.5x;efficient;German_17_26;80-b;1404.000000;1404.000000;0.000000;274.879000;3;0;1;1;0;1;0;0;2;34.850542;102810;148720;396390;0;0;0;0;0;0;22092;13105;2;0;80;80;0;120;2964;234;41112.000000;1404;50916.666667
2x;maxData200;German_17_26;60;40.000000;21.668947;45.827633;14400.066000;8;0;1;1;0;1;0;0;2;21.412872;97922;112380;276479;0;0;0;0;0;0;22006;13361;2;0;60;60;0;40;951;175;28486.000000;624;34233.333333
2x;maxData200;Nsfnet_14_21;100;90.000000;47.866667;46.814815;14400.105000;8;0;1;1;0;1;0;0;2;59.554324;191189;246000;648812;0;0;0;0;0;0;21857;57;1;0;100;100;0;90;1738;239;255800.000000;1071;120700.000000
1.5x;efficient;Nsfnet_14_21;20;15.000000;15.000000;0.000000;2.577000;8;0;1;1;0;1;0;0;2;0.309883;6534;8190;18667;0;0;0;0;0;0;22025;3145779;1;0;20;20;0;15;290;52;57700.000000;231;27916.666667
2x;maxData200;Nsfnet_14_21;30-b;52.000000;52.000000;0.000000;3.836000;8;0;1;1;0;1;0;0;2;1.624661;16382;23400;59219;0;0;0;0;0;0;21922;-65480;1;0;30;30;0;52;744;75;73800.000000;347;34983.333333
1.5x;efficient;European_18_40;30;402.000000;402.000000;0.000000;0.522000;3;0;1;1;0;1;0;0;2;2.151508;13120;24030;94880;0;0;0;0;0;0;21858;12593;2;0;30;30;0;45;1199;67;39600.000000;402;27766.666667
1.5x;efficient;European_18_40;50-b;657.000000;657.000000;0.000000;3.314000;3;0;1;1;0;1;0;0;2;10.612614;50537;64050;249463;0;0;0;0;0;0;21965;-65486;1;0;50;50;0;75;2396;111;72445.000000;657;47666.666667
1.5x;efficient;Nsfnet_14_21;80-b;882.000000;882.000000;0.000000;7.367000;3;0;1;1;0;1;0;0;2;16.802640;85512;119080;317688;0;0;0;0;0;0;22065;50;1;0;80;80;0;120;2384;181;185500.000000;882;98116.666667
1.5x;efficient;European_18_40;10;12.000000;12.000000;0.000000;0.079000;8;0;1;1;0;1;0;0;2;0.064625;751;3220;11250;0;0;0;0;0;0;22064;808333362;4;0;10;10;0;12;144;24;11406.000000;144;9116.666667
1.5x;efficient;European_18_40;90-b;56.000000;27.473684;50.939850;14400.110000;8;0;1;1;0;1;0;0;2;62.534503;169788;201780;802213;0;0;0;0;0;0;21891;57;1;0;90;90;0;56;1927;226;133743.000000;1302;91716.666667
2x;maxData200;German_17_26;40;27.000000;15.052023;44.251766;14400.072000;8;0;1;1;0;1;0;0;2;8.350821;63812;50920;102589;0;0;0;0;0;0;21920;12849;2;0;40;40;0;27;665;132;23011.000000;495;25533.333333
1.5x;efficient;Nsfnet_14_21;90-b;84.000000;45.316525;46.051756;14400.085000;8;0;1;1;0;1;0;0;2;25.781409;108787;150255;401514;0;0;0;0;0;0;22003;53;1;0;90;90;0;84;1539;218;228900.000000;1011;115700.000000
2x;maxData200;Nsfnet_14_21;50;507.000000;507.000000;0.000000;1.687000;3;0;1;1;0;1;0;0;2;7.196570;43578;62950;166422;0;0;0;0;0;0;21954;56;1;0;50;50;0;100;1830;108;114300.000000;507;54400.000000
2x;maxData200;German_17_26;80-b;159.000000;30.461988;80.841517;14400.450000;8;0;1;1;0;1;0;0;2;66.228818;261971;197840;403630;0;0;0;0;0;0;21987;12593;2;0;80;80;0;159;3750;269;45573.000000;1017;50633.333333
1.5x;efficient;German_17_26;100-b;1680.000000;1680.000000;0.000000;264.801000;3;0;1;1;0;1;0;0;2;71.077288;175305;230900;604695;0;0;0;0;0;0;21935;12593;2;0;100;100;0;150;3580;280;51293.000000;1680;61833.333333
1.5x;efficient;Nsfnet_14_21;60-b;651.000000;651.000000;0.000000;3.539000;3;0;1;1;0;1;0;0;2;7.989503;53074;67710;173726;0;0;0;0;0;0;21996;13361;2;0;60;60;0;90;1796;137;155300.000000;651;75816.666667
1.5x;efficient;German_17_26;10-b;-1.000000;-1.000000;0.000000;0.031000;3;0;1;1;0;1;0;0;2;0.058480;710;2840;7090;0;0;0;0;0;0;808465467;808333371;808333371;892809264;892809264;808333371;892809264;825964810;925973296;842741307;0.000000;808464434;0.000000
2x;maxData200;Nsfnet_14_21;50;54.000000;54.000000;0.000000;518.897000;8;0;1;1;0;1;0;0;2;7.730680;43579;63000;166422;0;0;0;0;0;0;21982;56;1;0;50;50;0;54;975;117;119400.000000;540;56900.000000
2x;maxData200;German_17_26;60-b;49.000000;19.596958;60.006208;14400.069000;8;0;1;1;0;1;0;0;2;22.085113;105743;112380;268658;0;0;0;0;0;0;21872;49;1;0;60;60;0;49;1181;197;30654.000000;724;36850.000000
1.5x;efficient;German_17_26;50;756.000000;756.000000;0.000000;2.239000;3;0;1;1;0;1;0;0;2;7.683895;27650;59200;167350;0;0;0;0;0;0;22058;55;1;0;50;50;0;75;1757;126;20266.000000;756;26850.000000
1.5x;efficient;Nsfnet_14_21;50-b;483.000000;483.000000;0.000000;1.386000;3;0;1;1;0;1;0;0;2;4.096301;34018;47425;123482;0;0;0;0;0;0;22003;52;1;0;50;50;0;75;1540;104;114100.000000;483;58783.333333
1.5x;efficient;Nsfnet_14_21;50-b;42.000000;42.000000;0.000000;93.067000;8;0;1;1;0;1;0;0;2;4.103671;34019;47475;123482;0;0;0;0;0;0;21854;52;1;0;50;50;0;42;761;113;122000.000000;510;62483.333333
1.5x;efficient;European_18_40;40-b;522.000000;522.000000;0.000000;1.853000;3;0;1;1;0;1;0;0;2;5.375499;31020;41640;160980;0;0;0;0;0;0;21960;14385;2;0;40;40;0;60;1584;87;54666.000000;522;36216.666667
1.5x;efficient;German_17_26;60-b;918.000000;918.000000;0.000000;5.301000;3;0;1;1;0;1;0;0;2;13.406442;47175;84540;233625;0;0;0;0;0;0;21979;49;1;0;60;60;0;90;2068;153;27123.000000;918;34050.000000
2x;maxData200;German_17_26;50;443.000000;443.000000;0.000000;2.849000;3;0;1;1;0;1;0;0;2;12.348776;66356;78600;193644;0;0;0;0;0;0;21910;55;1;0;50;50;0;100;2112;126;20395.000000;443;24933.333333
1.5x;efficient;European_18_40;90;42.000000;24.480000;41.714286;14400.098000;8;0;1;1;0;1;0;0;2;67.808634;124021;201780;847980;0;0;0;0;0;0;21943;53;1;0;90;90;0;42;1469;202;118472.000000;1212;82583.333333
2x;maxData200;Nsfnet_14_21;10-b;12.000000;12.000000;0.000000;0.124000;8;0;1;1;0;1;0;0;2;0.064900;1810;3000;6591;0;0;0;0;0;0;0;-1133871366;0;0;10;10;0;12;174;29;28600.000000;147;13166.666667
2x;maxData200;Nsfnet_14_21;10;89.000000;89.000000;0.000000;0.050000;3;0;1;1;0;1;0;0;2;0.064191;1597;2990;6803;0;0;0;0;0;0;0;-755914244;0;0;10;10;0;20;252;20;25200.000000;89;11883.333333
1.5x;efficient;European_18_40;40;510.000000;510.000000;0.000000;1.794000;3;0;1;1;0;1;0;0;2;5.266966;27658;41640;164342;0;0;0;0;0;0;21965;50;1;0;40;40;0;60;1777;87;50969.000000;510;35066.666667
1.5x;efficient;Nsfnet_14_21;20;222.000000;222.000000;0.000000;0.234000;3;0;1;1;0;1;0;0;2;0.310672;6533;8170;18667;0;0;0;0;0;0;21902;3145779;1;0;20;20;0;30;508;49;55400.000000;222;26783.333333
2x;maxData200;Nsfnet_14_21;40-b;432.000000;432.000000;0.000000;1.061000;3;0;1;1;0;1;0;0;2;3.653668;27949;40760;106451;0;0;0;0;0;0;21887;56;1;0;40;40;0;80;1493;93;93900.000000;432;44966.666667
2x;maxData200;German_17_26;30-b;21.000000;20.000000;4.761905;14400.049000;8;0;1;1;0;1;0;0;2;3.089831;29511;29190;64090;0;0;0;0;0;0;21984;13873;2;0;30;30;0;21;475;99;17132.000000;368;19333.333333
2x;maxData200;Nsfnet_14_21;60-b;624.000000;624.000000;0.000000;6.321000;3;0;1;1;0;1;0;0;2;14.834526;74995;89940;227405;0;0;0;0;0;0;22047;13361;2;0;60;60;0;120;2280;137;155500.000000;624;72816.666667
2x;maxData200;Nsfnet_14_21;40-b;60.000000;60.000000;0.000000;20.786000;8;0;1;1;0;1;0;0;2;3.668970;27950;40800;106451;0;0;0;0;0;0;21851;56;1;0;40;40;0;60;927;105;102900.000000;486;49233.333333
1.5x;efficient;Nsfnet_14_21;20-b;-1.000000;-1.000000;0.000000;0.255000;3;0;1;1;0;1;0;0;2;0.267653;4619;8170;20581;0;0;0;0;0;0;21907;12849;2;0;0;0;0;-2015754240;21907;1;0.000000;0;0.000000
1.5x;efficient;Nsfnet_14_21;100;1023.000000;1023.000000;0.000000;10.844000;3;0;1;1;0;1;0;0;2;32.685363;133249;184850;496751;0;0;0;0;0;0;22071;57;1;0;100;100;0;150;3074;215;242000.000000;1023;122400.000000
1.5x;efficient;European_18_40;100;1251.000000;1251.000000;0.000000;29.957000;3;0;1;1;0;1;0;0;2;93.904199;243386;248100;956614;0;0;0;0;0;0;22016;55;1;0;100;100;0;150;4822;218;145701.000000;1251;93683.333333
1.5x;efficient;Nsfnet_14_21;10;96.000000;96.000000;0.000000;0.075000;3;0;1;1;0;1;0;0;2;0.039373;1060;2285;5240;0;0;0;0;0;0;0;-1133871366;0;0;10;10;0;15;180;20;25200.000000;96;12383.333333
2x;maxData200;Nsfnet_14_21;30;28.000000;28.000000;0.000000;4.594000;8;0;1;1;0;1;0;0;2;1.608975;12939;23400;62662;0;0;0;0;0;0;21891;-16764879;2;0;30;30;0;28;459;66;65700.000000;304;31666.666667
2x;maxData200;Nsfnet_14_21;80-b;84.000000;84.000000;0.000000;3674.420000;8;0;1;1;0;1;0;0;2;31.136018;122016;158400;415585;0;0;0;0;0;0;22095;52;1;0;80;80;0;84;1645;189;191700.000000;860;91933.333333
2x;maxData200;Nsfnet_14_21;70;704.000000;704.000000;0.000000;3.822000;3;0;1;1;0;1;0;0;2;20.180025;79421;121730;332179;0;0;0;0;0;0;22034;12849;2;0;70;70;0;140;2756;148;160500.000000;704;76516.666667
1.5x;efficient;European_18_40;20-b;18.000000;18.000000;0.000000;0.477000;8;0;1;1;0;1;0;0;2;0.606613;5026;11240;42975;0;0;0;0;0;0;0;-1133871366;0;0;20;20;0;18;286;41;21611.000000;246;16550.000000
1.5x;efficient;European_18_40;70;54.000000;29.748703;44.909810;14400.096000;8;0;1;1;0;1;0;0;2;28.024252;84014;123340;503987;0;0;0;0;0;0;21868;-16764879;2;0;70;70;0;54;1747;180;105901.000000;1068;68866.666667
2x;maxData200;German_17_26;80-b;878.000000;878.000000;0.000000;26.397000;3;0;1;1;0;1;0;0;2;61.717875;261970;197760;403630;0;0;0;0;0;0;21905;12593;2;0;80;80;0;160;3678;234;42825.000000;878;47000.000000
1.5x;efficient;European_18_40;10-b;96.000000;96.000000;0.000000;0.062000;3;0;1;1;0;1;0;0;2;0.083068;1538;3210;10462;0;0;0;0;0;0;21857;808333362;4;0;10;10;0;15;189;17;9902.000000;96;7500.000000
1.5x;efficient;European_18_40;40-b;24.000000;24.000000;0.000000;440.994000;8;0;1;1;0;1;0;0;2;5.969863;31021;41680;160980;0;0;0;0;0;0;21855;14385;2;0;40;40;0;24;731;98;57520.000000;588;38400.000000
2x;maxData200;German_17_26;100-b;-1.000000;34.576531;0.000000;14400.299000;8;0;1;1;0;1;0;0;2;117.059397;360452;307300;679549;0;0;0;0;0;0;22099;12593;2;0;0;0;0;-1308965664;22099;1;0.000000;0;0.000000
1.5x;efficient;Nsfnet_14_21;40;357.000000;357.000000;0.000000;1.080000;3;0;1;1;0;1;0;0;2;2.556530;26869;30740;73931;0;0;0;0;0;0;22072;-65482;1;0;40;40;0;60;999;85;109100.000000;357;52933.333333
1.5x;efficient;German_17_26;70-b;1080.000000;1080.000000;0.000000;10.459000;3;0;1;1;0;1;0;0;2;22.871488;59800;114380;322400;0;0;0;0;0;0;22026;12337;2;0;70;70;0;105;2394;180;31334.000000;1080;40583.333333
1.5x;efficient;German_17_26;80-b;91.000000;47.296543;48.025777;14400.078000;8;0;1;1;0;1;0;0;2;35.055128;102811;148800;396390;0;0;0;0;0;0;21975;13105;2;0;80;80;0;91;2203;254;44944.000000;1524;54800.000000
1.5x;efficient;European_18_40;30-b;396.000000;396.000000;0.000000;0.718000;3;0;1;1;0;1;0;0;2;2.162061;13800;24030;94200;0;0;0;0;0;0;21977;12849;2;0;30;30;0;45;1042;66;34100.000000;396;25183.333333
2x;maxData200;German_17_26;30-b;309.000000;309.000000;0.000000;1.200000;3;0;1;1;0;1;0;0;2;2.895875;29510;29160;64090;0;0;0;0;0;0;21900;13873;2;0;30;30;0;60;1108;84;15667.000000;309;17433.333333
2x;maxData200;Nsfnet_14_21;40;28.000000;28.000000;0.000000;3445.911000;8;0;1;1;0;1;0;0;2;4.391805;36889;40800;97512;0;0;0;0;0;0;22025;12337;2;0;40;40;0;28;518;95;117300.000000;367;54550.000000
1.5x;efficient;Nsfnet_14_21;50;54.000000;54.000000;0.000000;20.177000;8;0;1;1;0;1;0;0;2;3.991566;30411;47475;127090;0;0;0;0;0;0;22078;56;1;0;50;50;0;54;904;114;120100.000000;558;60116.666667
1.5x;efficient;European_18_40;20;12.000000;12.000000;0.000000;0.446000;8;0;1;1;0;1;0;0;2;0.604680;5426;11240;42575;0;0;0;0;0;0;0;-1133871366;0;0;20;20;0;12;282;45;25252.000000;270;17833.333333
2x;maxData200;German_17_26;40;405.000000;405.000000;0.000000;4.233000;3;0;1;1;0;1;0;0;2;7.947305;63811;50880;102589;0;0;0;0;0;0;21865;12849;2;0;40;40;0;80;1663;109;19791.000000;405;21983.333333
1.5x;efficient;European_18_40;100-b;1368.000000;1368.000000;0.000000;16.008000;3;0;1;1;0;1;0;0;2;81.814835;168842;248100;1031158;0;0;0;0;0;0;22066;13105;2;0;100;100;0;150;4573;230;136088.000000;1368;95450.000000
2x;maxData200;German_17_26;70;60.000000;24.715328;58.807786;14400.172000;8;0;1;1;0;1;0;0;2;37.601592;165055;152110;344546;0;0;0;0;0;0;22009;53;1;0;70;70;0;60;1355;222;38558.000000;818;43733.333333
1.5x;efficient;European_18_40;80;48.000000;24.388664;49.190283;14400.132000;8;0;1;1;0;1;0;0;2;43.594370;128502;160160;639499;0;0;0;0;0;0;22031;-65480;1;0;80;80;0;48;1627;197;117792.000000;1155;79483.333333
2x;maxData200;German_17_26;50-b;34.000000;17.886245;47.393398;14400.058000;8;0;1;1;0;1;0;0;2;14.339018;86610;78650;173391;0;0;0;0;0;0;21967;49;1;0;50;50;0;34;860;168;29748.000000;619;33400.000000
1.5x;efficient;Nsfnet_14_21;40-b;462.000000;462.000000;0.000000;0.901000;3;0;1;1;0;1;0;0;2;2.028924;19181;30740;81619;0;0;0;0;0;0;21909;-65486;1;0;40;40;0;60;1139;94;95600.000000;462;48833.333333
1.5x;efficient;German_17_26;90-b;1524.000000;1524.000000;0.000000;481.425000;3;0;1;1;0;1;0;0;2;50.733219;155610;187560;476190;0;0;0;0;0;0;21938;13617;2;0;90;90;0;135;3183;254;48609.000000;1524;57116.666667
2x;maxData200;German_17_26;50-b;478.000000;478.000000;0.000000;5.629000;3;0;1;1;0;1;0;0;2;14.014613;86609;78600;173391;0;0;0;0;0;0;21875;49;1;0;50;50;0;100;2082;132;25194.000000;478;28300.000000
2x;maxData200;Nsfnet_14_21;100;975.000000;975.000000;0.000000;11.252000;3;0;1;1;0;1;0;0;2;59.208929;191188;245900;648812;0;0;0;0;0;0;22046;57;1;0;100;100;0;200;4058;215;243400.000000;975;114400.000000
2x;maxData200;German_17_26;90-b;947.000000;947.000000;0.000000;39.578000;3;0;1;1;0;1;0;0;2;86.272644;328613;249480;513787;0;0;0;0;0;0;21982;13617;2;0;90;90;0;180;4332;253;49481.000000;947;53066.666667
2x;maxData200;Nsfnet_14_21;100-b;1010.000000;1010.000000;0.000000;12.134000;3;0;1;1;0;1;0;0;2;60.957427;198189;245900;641811;0;0;0;0;0;0;21963;54;1;0;100;100;0;200;3736;226;254100.000000;1010;119183.333333
1.5x;efficient;European_18_40;80-b;1065.000000;1065.000000;0.000000;12.047000;3;0;1;1;0;1;0;0;2;45.880849;147459;160080;620541;0;0;0;0;0;0;22013;-65487;1;0;80;80;0;120;4379;185;120435.000000;1065;77116.666667
1.5x;efficient;European_18_40;70-b;36.000000;36.000000;0.000000;9891.501000;8;0;1;1;0;1;0;0;2;28.308939;81208;123340;506793;0;0;0;0;0;0;21880;-65486;1;0;70;70;0;36;1144;152;88209.000000;891;63416.666667
1.5x;efficient;German_17_26;40-b;48.000000;39.000000;18.750000;14400.021000;8;0;1;1;0;1;0;0;2;4.626751;27666;38400;97135;0;0;0;0;0;0;22033;56;1;0;40;40;0;48;1089;134;22447.000000;804;27583.333333
1.5x;efficient;German_17_26;10;12.000000;12.000000;0.000000;0.161000;8;0;1;1;0;1;0;0;2;0.063899;1091;2850;6710;0;0;0;0;0;0;993016624;925904944;808729392;774912816;10;10;0;12;186;30;5590.000000;180;6666.666667
1.5x;efficient;European_18_40;90-b;1155.000000;1155.000000;0.000000;20.629000;3;0;1;1;0;1;0;0;2;66.222137;169787;201690;802213;0;0;0;0;0;0;21949;57;1;0;90;90;0;135;4448;201;124502.000000;1155;85133.333333
2x;maxData200;German_17_26;10-b;12.000000;12.000000;0.000000;0.896000;8;0;1;1;0;1;0;0;2;0.120480;3004;3730;7397;0;0;0;0;0;0;808598324;808464955;993013808;859518513;10;10;0;12;185;42;5745.000000;159;7166.666667
2x;maxData200;Nsfnet_14_21;10-b;132.000000;132.000000;0.000000;0.086000;3;0;1;1;0;1;0;0;2;0.069512;1809;2990;6591;0;0;0;0;0;0;0;-1133871366;0;0;10;10;0;20;211;26;26300.000000;132;12100.000000
1.5x;efficient;German_17_26;70-b;72.000000;72.000000;0.000000;11604.872000;8;0;1;1;0;1;0;0;2;23.224576;59801;114450;322400;0;0;0;0;0;0;21900;12337;2;0;70;70;0;72;1765;201;33516.000000;1206;43783.333333
1.5x;efficient;Nsfnet_14_21;70-b;777.000000;777.000000;0.000000;7.411000;3;0;1;1;0;1;0;0;2;11.775245;66115;91595;242585;0;0;0;0;0;0;21937;13361;2;0;70;70;0;105;1996;160;174100.000000;777;87050.000000
1.5x;efficient;German_17_26;60;78.000000;78.000000;0.000000;5661.539000;8;0;1;1;0;1;0;0;2;13.508812;47346;84600;233455;0;0;0;0;0;0;21945;13361;2;0;60;60;0;78;1675;182;30086.000000;1092;39100.000000
1.5x;efficient;Nsfnet_14_21;70;66.000000;66.000000;0.000000;2447.007000;8;0;1;1;0;1;0;0;2;11.039661;57198;91665;251503;0;0;0;0;0;0;22059;56;1;0;70;70;0;66;1225;155;166000.000000;771;84200.000000
1.5x;efficient;European_18_40;100;150.000000;25.363636;83.090909;14400.156000;8;0;1;1;0;1;0;0;2;88.458656;243387;248200;956614;0;0;0;0;0;0;22077;55;1;0;100;100;0;150;5218;254;151079.000000;1461;99100.000000
1.5x;random;European_18_40;20;188.000000;188.000000;0.000000;0.276000;3;0;1;1;0;1;0;0;2;0.655665;7075;11220;40925;0;0;0;0;0;0;0;-1133871366;0;0;20;20;0;30;556;43;24394.000000;188;14766.666667
1.5x;maxData200;Nsfnet_14_21;50;54.000000;54.000000;0.000000;198.110000;8;0;1;1;0;1;0;0;2;4.092868;32354;47475;125147;0;0;0;0;0;0;21888;56;1;0;50;50;0;54;882;125;123400.000000;564;58933.333333
2x;maxData200;Nsfnet_14_21;70;64.000000;64.000000;0.000000;10607.275000;8;0;1;1;0;1;0;0;2;20.580067;79422;121800;332179;0;0;0;0;0;0;22048;12849;2;0;70;70;0;64;1188;155;163200.000000;728;77850.000000
1.5x;random;Nsfnet_14_21;20-b;179.000000;179.000000;0.000000;0.505000;3;0;1;1;0;1;0;0;2;0.309954;5365;8170;19835;0;0;0;0;0;0;22027;12849;2;0;20;20;0;30;429;46;45500.000000;179;21266.666667
1.5x;maxData200;Nsfnet_14_21;20;15.000000;15.000000;0.000000;3.262000;8;0;1;1;0;1;0;0;2;0.340641;6636;8190;18565;0;0;0;0;0;0;21875;3145779;1;0;20;20;0;15;267;52;57700.000000;229;26383.333333
1.5x;random;Nsfnet_14_21;100;842.000000;842.000000;0.000000;11.077000;3;0;1;1;0;1;0;0;2;36.037194;145104;184850;484896;0;0;0;0;0;0;21944;57;1;0;100;100;0;150;3083;214;243900.000000;842;116216.666667
1.5x;maxData200;Nsfnet_14_21;10;89.000000;89.000000;0.000000;0.102000;3;0;1;1;0;1;0;0;2;0.041775;1137;2285;5163;0;0;0;0;0;0;0;-755914244;0;0;10;10;0;15;132;20;25200.000000;89;11883.333333
1.5x;random;German_17_26;30;416.000000;416.000000;0.000000;3.487000;3;0;1;1;0;1;0;0;2;2.175743;25455;22020;44745;0;0;0;0;0;0;21975;13361;2;0;30;30;0;45;840;82;15023.000000;416;16266.666667
1.5x;random;European_18_40;70-b;566.000000;566.000000;0.000000;10.859000;3;0;1;1;0;1;0;0;2;32.242346;116142;123270;471858;0;0;0;0;0;0;21933;-65486;1;0;70;70;0;105;3187;133;84598.000000;566;49833.333333
1.5x;efficient;German_17_26;90-b;124.000000;53.040000;57.225806;14400.185000;8;0;1;1;0;1;0;0;2;51.488101;155611;187650;476190;0;0;0;0;0;0;21883;13617;2;0;90;90;0;124;2981;293;52709.000000;1758;63400.000000
1.5x;efficient;European_18_40;50;30.000000;30.000000;0.000000;7943.910000;8;0;1;1;0;1;0;0;2;9.954968;41094;64100;258907;0;0;0;0;0;0;21966;-16763855;2;0;50;50;0;30;902;116;71439.000000;684;46300.000000
1.5x;random;German_17_26;60;655.000000;655.000000;0.000000;12.738000;3;0;1;1;0;1;0;0;2;18.055699;132272;84540;148528;0;0;0;0;0;0;22065;13361;2;0;60;60;0;90;2047;157;26972.000000;655;27616.666667
1.5x;random;European_18_40;20-b;12.000000;12.000000;0.000000;0.716000;8;0;1;1;0;1;0;0;2;0.758337;10892;11240;37109;0;0;0;0;0;0;22010;486551601;2;0;20;20;0;12;259;46;24108.000000;180;13666.666667
1.5x;maxData200;Nsfnet_14_21;100;975.000000;975.000000;0.000000;10.118000;3;0;1;1;0;1;0;0;2;33.616862;142738;184850;487262;0;0;0;0;0;0;21935;57;1;0;100;100;0;150;3025;215;243000.000000;975;114166.666667
1.5x;random;Nsfnet_14_21;40-b;385.000000;385.000000;0.000000;0.797000;3;0;1;1;0;1;0;0;2;2.132989;21514;30740;79286;0;0;0;0;0;0;21956;-65486;1;0;40;40;0;60;1073;92;96200.000000;385;46600.000000
1.5x;maxData200;European_18_40;20-b;185.000000;185.000000;0.000000;0.393000;3;0;1;1;0;1;0;0;2;0.668523;8801;11220;39199;0;0;0;0;0;0;0;-1133871366;0;0;20;20;0;30;502;38;21650.000000;185;13800.000000
1.5x;maxData200;Nsfnet_14_21;100-b;1010.000000;1010.000000;0.000000;11.148000;3;0;1;1;0;1;0;0;2;34.329567;147989;184850;482011;0;0;0;0;0;0;22000;54;1;0;100;100;0;150;2993;226;254300.000000;1010;119250.000000
1.5x;random;Nsfnet_14_21;50-b;33.000000;33.000000;0.000000;304.570000;8;0;1;1;0;1;0;0;2;4.229641;35763;47475;121738;0;0;0;0;0;0;22023;52;1;0;50;50;0;33;571;111;119200.000000;416;57800.000000
1.5x;random;European_18_40;40;385.000000;385.000000;0.000000;3.620000;3;0;1;1;0;1;0;0;2;6.294921;53347;41640;138653;0;0;0;0;0;0;21952;50;1;0;40;40;0;60;1726;86;49058.000000;385;28933.333333
1.5x;maxData200;European_18_40;90;939.000000;939.000000;0.000000;15.641000;3;0;1;1;0;1;0;0;2;58.945610;188119;201690;783881;0;0;0;0;0;0;22075;53;1;0;90;90;0;135;4260;186;116959.000000;939;68966.666667
1.5x;maxData200;Nsfnet_14_21;40-b;60.000000;60.000000;0.000000;19.640000;8;0;1;1;0;1;0;0;2;2.072197;20710;30780;80091;0;0;0;0;0;0;22045;-65486;1;0;40;40;0;60;1147;101;101700.000000;465;48500.000000
1.5x;random;Nsfnet_14_21;10;78.000000;78.000000;0.000000;0.075000;3;0;1;1;0;1;0;0;2;0.038588;1273;2285;5027;0;0;0;0;0;0;0;-1133871366;0;0;10;10;0;15;167;20;25200.000000;78;11833.333333
1.5x;random;Nsfnet_14_21;70-b;625.000000;625.000000;0.000000;3.297000;3;0;1;1;0;1;0;0;2;11.840478;74437;91595;234263;0;0;0;0;0;0;21939;13361;2;0;70;70;0;105;2086;157;178200.000000;625;83933.333333
1.5x;random;European_18_40;30-b;287.000000;287.000000;0.000000;1.692000;3;0;1;1;0;1;0;0;2;2.754479;31614;24030;76386;0;0;0;0;0;0;22076;12849;2;0;30;30;0;45;973;65;37633.000000;287;22050.000000
1.5x;random;German_17_26;90-b;1130.000000;1130.000000;0.000000;53.821000;3;0;1;1;0;1;0;0;2;62.786780;344206;187560;287594;0;0;0;0;0;0;21989;13617;2;0;90;90;0;135;3381;254;48517.000000;1130;45566.666667
2x;maxData200;German_17_26;40-b;28.000000;16.019295;42.788231;14400.051000;8;0;1;1;0;1;0;0;2;7.316392;55261;50920;111140;0;0;0;0;0;0;22004;54;1;0;40;40;0;28;698;149;25326.000000;560;28650.000000
1.5x;random;German_17_26;40;452.000000;452.000000;0.000000;5.659000;3;0;1;1;0;1;0;0;2;5.542416;65044;38360;59756;0;0;0;0;0;0;21872;12337;2;0;40;40;0;60;1398;109;19581.000000;452;18066.666667
1.5x;random;German_17_26;100;1150.000000;1150.000000;0.000000;63.637000;3;0;1;1;0;1;0;0;2;79.905057;371966;230900;408034;0;0;0;0;0;0;22035;56;1;0;100;100;0;150;3723;256;45359.000000;1150;46150.000000
1.5x;efficient;German_17_26;80;96.000000;49.895324;48.025704;14400.064000;8;0;1;1;0;1;0;0;2;32.884577;78661;148800;420540;0;0;0;0;0;0;22092;53;1;0;80;80;0;96;2336;234;40728.000000;1404;51516.666667
1.5x;random;European_18_40;20;12.000000;12.000000;0.000000;11.241000;8;0;1;1;0;1;0;0;2;0.705375;7076;11240;40925;0;0;0;0;0;0;0;-1133871366;0;0;20;20;0;12;266;47;26829.000000;210;16483.333333
1.5x;efficient;Nsfnet_14_21;100-b;96.000000;51.707271;46.138260;14400.094000;8;0;1;1;0;1;0;0;2;33.803978;143583;184950;486418;0;0;0;0;0;0;21904;54;1;0;100;100;0;96;1885;276;285100.000000;1227;140366.666667
2x;maxData200;Nsfnet_14_21;100-b;105.000000;49.957447;52.421479;14400.172000;8;0;1;1;0;1;0;0;2;63.803748;198190;246000;641811;0;0;0;0;0;0;22030;54;1;0;100;100;0;105;1982;266;275300.000000;1148;129850.000000
1.5x;efficient;European_18_40;60;48.000000;48.000000;0.000000;8499.175000;8;0;1;1;0;1;0;0;2;19.172051;65610;91320;366391;0;0;0;0;0;0;22055;-65479;1;0;60;60;0;48;1579;151;86475.000000;882;60150.000000
1.5x;random;European_18_40;90;849.000000;849.000000;0.000000;26.707000;3;0;1;1;0;1;0;0;2;68.337402;208276;201690;763724;0;0;0;0;0;0;21983;53;1;0;90;90;0;135;4432;185;117462.000000;849;70883.333333
1.5x;maxData200;Nsfnet_14_21;70;704.000000;704.000000;0.000000;3.815000;3;0;1;1;0;1;0;0;2;11.820870;59156;91595;249544;0;0;0;0;0;0;21990;56;1;0;70;70;0;105;2008;148;160700.000000;704;76416.666667
1.5x;maxData200;European_18_40;60-b;624.000000;624.000000;0.000000;11.472000;3;0;1;1;0;1;0;0;2;16.132937;87769;91260;344231;0;0;0;0;0;0;21957;-16763855;2;0;60;60;0;90;3016;131;84249.000000;624;50116.666667
1.5x;efficient;German_17_26;100;103.000000;54.000000;47.572816;14400.107000;8;0;1;1;0;1;0;0;2;62.025464;111361;231000;668640;0;0;0;0;0;0;22065;56;1;0;100;100;0;103;2483;270;46101.000000;1620;59900.000000
1.5x;efficient;European_18_40;100-b;135.000000;39.000000;71.111111;14400.168000;8;0;1;1;0;1;0;0;2;81.062701;168843;248200;1031158;0;0;0;0;0;0;21908;13105;2;0;100;100;0;135;3684;264;143682.000000;1566;102616.666667
1.5x;maxData200;Nsfnet_14_21;40;337.000000;337.000000;0.000000;0.968000;3;0;1;1;0;1;0;0;2;2.462184;27388;30740;73412;0;0;0;0;0;0;22096;-65482;1;0;40;40;0;60;1036;85;109500.000000;337;50916.666667
1.5x;maxData200;European_18_40;100-b;1192.000000;1192.000000;0.000000;27.792000;3;0;1;1;0;1;0;0;2;71.172816;298733;248100;901267;0;0;0;0;0;0;22006;13105;2;0;100;100;0;150;5022;231;135686.000000;1192;79416.666667
1.5x;maxData200;European_18_40;30-b;331.000000;331.000000;0.000000;1.641000;3;0;1;1;0;1;0;0;2;1.978819;26203;24030;81797;0;0;0;0;0;0;22078;12849;2;0;30;30;0;45;1092;66;35024.000000;331;21533.333333
2x;maxData200;German_17_26;50;27.000000;15.247628;43.527303;14400.130000;8;0;1;1;0;1;0;0;2;13.314108;66357;78650;193644;0;0;0;0;0;0;21941;55;1;0;50;50;0;27;658;137;22166.000000;486;26800.000000
1.5x;maxData200;Nsfnet_14_21;30;28.000000;28.000000;0.000000;7.707000;8;0;1;1;0;1;0;0;2;0.897144;9534;17685;47167;0;0;0;0;0;0;22065;-16764879;2;0;30;30;0;28;451;66;64100.000000;304;31033.333333
1.5x;random;European_18_40;30;21.000000;21.000000;0.000000;73.609000;8;0;1;1;0;1;0;0;2;2.470070;21719;24060;86282;0;0;0;0;0;0;21915;12593;2;0;30;30;0;21;606;80;45992.000000;399;28816.666667
1.5x;maxData200;European_18_40;30;354.000000;354.000000;0.000000;1.890000;3;0;1;1;0;1;0;0;2;2.450491;24590;24030;83410;0;0;0;0;0;0;22054;12593;2;0;30;30;0;45;951;67;39967.000000;354;23083.333333
1.5x;efficient;Nsfnet_14_21;90;84.000000;48.198854;42.620412;14400.131000;8;0;1;1;0;1;0;0;2;26.223686;116461;150255;393840;0;0;0;0;0;0;22076;53;1;0;90;90;0;84;1586;214;243600.000000;972;119816.666667
1.5x;random;Nsfnet_14_21;100-b;864.000000;864.000000;0.000000;12.290000;3;0;1;1;0;1;0;0;2;36.916815;157586;184850;472414;0;0;0;0;0;0;22037;54;1;0;100;100;0;150;3046;223;259600.000000;864;122466.666667
1.5x;maxData200;European_18_40;40-b;460.000000;460.000000;0.000000;4.216000;3;0;1;1;0;1;0;0;2;4.882845;45219;41640;146781;0;0;0;0;0;0;22053;14385;2;0;40;40;0;60;1706;88;54066.000000;460;31100.000000
1.5x;maxData200;Nsfnet_14_21;30-b;-1.000000;-1.000000;0.000000;0.691000;3;0;1;1;0;1;0;0;2;0.954153;12091;17655;44609;0;0;0;0;0;0;21948;-65480;1;0;0;0;0;-1836849376;21948;1;0.000000;0;0.000000
2x;maxData200;German_17_26;100;185.000000;27.670968;85.042720;14400.224000;8;0;1;1;0;1;0;0;2;104.482694;302959;307300;737042;0;0;0;0;0;0;21971;56;1;0;100;100;0;185;3678;282;48313.000000;1015;56833.333333
1.5x;random;Nsfnet_14_21;30-b;31.000000;31.000000;0.000000;4.741000;8;0;1;1;0;1;0;0;2;0.964892;13534;17685;43167;0;0;0;0;0;0;21950;-65480;1;0;30;30;0;31;375;69;74600.000000;250;36266.666667
1.5x;random;European_18_40;100;971.000000;971.000000;0.000000;27.770000;3;0;1;1;0;1;0;0;2;98.332587;306673;248100;893327;0;0;0;0;0;0;22017;55;1;0;100;100;0;150;4974;221;145509.000000;971;81633.333333
1.5x;random;European_18_40;60;634.000000;634.000000;0.000000;7.578000;3;0;1;1;0;1;0;0;2;21.060297;116833;91260;315167;0;0;0;0;0;0;21954;-65479;1;0;60;60;0;90;2760;136;83569.000000;634;49533.333333
1.5x;maxData200;Nsfnet_14_21;60;-1.000000;-1.000000;0.000000;2.872000;3;0;1;1;0;1;0;0;2;7.505679;52275;67710;174525;0;0;0;0;0;0;21985;13105;2;0;0;0;0;-1127291152;21985;1;0.000000;0;0.000000
2x;maxData200;Nsfnet_14_21;90;78.000000;41.902844;46.278405;14400.114000;8;0;1;1;0;1;0;0;2;44.693593;159563;199800;520838;0;0;0;0;0;0;22005;53;1;0;90;90;0;78;1558;253;264500.000000;1050;124133.333333
1.5x;random;German_17_26;100-b;1261.000000;1261.000000;0.000000;126.254000;3;0;1;1;0;1;0;0;2;85.308935;422726;230900;357274;0;0;0;0;0;0;22023;12593;2;0;100;100;0;150;3640;279;51563.000000;1261;49933.333333
1.5x;maxData200;European_18_40;50;519.000000;519.000000;0.000000;3.659000;3;0;1;1;0;1;0;0;2;8.629978;57328;64050;242672;0;0;0;0;0;0;21948;-16763855;2;0;50;50;0;75;2169;105;67998.000000;519;39333.333333
1.5x;maxData200;European_18_40;10;83.000000;83.000000;0.000000;0.060000;3;0;1;1;0;1;0;0;2;0.068127;1511;3210;10489;0;0;0;0;0;0;21861;808333362;4;0;10;10;0;15;124;17;10750.000000;83;6550.000000
1.5x;random;German_17_26;30-b;389.000000;389.000000;0.000000;1.731000;3;0;1;1;0;1;0;0;2;2.049436;27454;22020;42746;0;0;0;0;0;0;21952;13873;2;0;30;30;0;45;849;84;15251.000000;389;16000.000000
1.5x;efficient;Nsfnet_14_21;100;96.000000;54.000000;43.750000;14400.109000;8;0;1;1;0;1;0;0;2;36.846776;133250;184950;496751;0;0;0;0;0;0;21899;57;1;0;100;100;0;96;1910;227;249000.000000;1071;125933.333333
1.5x;random;European_18_40;50-b;469.000000;469.000000;0.000000;5.268000;3;0;1;1;0;1;0;0;2;11.976691;78219;64050;221781;0;0;0;0;0;0;22081;-65486;1;0;50;50;0;75;2396;111;73735.000000;469;41266.666667
1.5x;random;Nsfnet_14_21;30-b;241.000000;241.000000;0.000000;0.425000;3;0;1;1;0;1;0;0;2;0.976723;13533;17655;43167;0;0;0;0;0;0;21906;-65480;1;0;30;30;0;45;850;66;72300.000000;241;35133.333333
1.5x;maxData200;European_18_40;80;912.000000;912.000000;0.000000;12.746000;3;0;1;1;0;1;0;0;2;45.902546;193264;160080;574736;0;0;0;0;0;0;21944;-65480;1;0;80;80;0;120;3851;179;111978.000000;912;64433.333333
1.5x;random;Nsfnet_14_21;20;15.000000;15.000000;0.000000;2.904000;8;0;1;1;0;1;0;0;2;0.320196;6839;8190;18362;0;0;0;0;0;0;21871;3145779;1;0;20;20;0;15;273;52;57700.000000;208;26766.666667
1.5x;efficient;European_18_40;80-b;42.000000;23.470588;44.117647;14400.259000;8;0;1;1;0;1;0;0;2;45.843525;147460;160160;620541;0;0;0;0;0;0;21930;-65487;1;0;80;80;0;42;1496;206;123465.000000;1191;80566.666667
1.5x;maxData200;European_18_40;20;218.000000;218.000000;0.000000;0.416000;3;0;1;1;0;1;0;0;2;0.554535;9943;11220;38057;0;0;0;0;0;0;0;-1133871366;0;0;20;20;0;30;616;42;24558.000000;218;14266.666667
1.5x;efficient;German_17_26;70;90.000000;48.000000;46.666667;14400.066000;8;0;1;1;0;1;0;0;2;23.079778;67401;114450;314800;0;0;0;0;0;0;21918;12337;2;0;70;70;0;90;2118;212;35269.000000;1272;44866.666667
1.5x;random;Nsfnet_14_21;50;443.000000;443.000000;0.000000;1.271000;3;0;1;1;0;1;0;0;2;4.154064;33833;47425;123667;0;0;0;0;0;0;21996;56;1;0;50;50;0;75;1472;107;115400.000000;443;55150.000000
1.5x;random;European_18_40;20-b;150.000000;150.000000;0.000000;0.393000;3;0;1;1;0;1;0;0;2;0.776723;10891;11220;37109;0;0;0;0;0;0;21857;1459630129;2;0;20;20;0;30;490;38;21528.000000;150;12083.333333
1.5x;maxData200;European_18_40;30;24.000000;24.000000;0.000000;3835.082000;8;0;1;1;0;1;0;0;2;2.618885;24591;24060;83410;0;0;0;0;0;0;22035;12593;2;0;30;30;0;24;549;76;41290.000000;402;24216.666667
1.5x;maxData200;European_18_40;100;1096.000000;1096.000000;0.000000;62.370000;3;0;1;1;0;1;0;0;2;80.507298;336960;248100;863040;0;0;0;0;0;0;21879;55;1;0;100;100;0;150;4983;218;147399.000000;1096;82216.666667
1.5x;random;German_17_26;10-b;13.000000;13.000000;0.000000;1.023000;8;0;1;1;0;1;0;0;2;0.086905;2635;2850;5166;0;0;0;0;0;0;859517243;993082165;808465467;825962544;10;10;0;13;209;34;5293.000000;183;5733.333333
1.5x;maxData200;European_18_40;10;6.000000;6.000000;0.000000;0.136000;8;0;1;1;0;1;0;0;2;0.082329;1512;3220;10489;0;0;0;0;0;0;22018;808333362;4;0;10;10;0;6;101;20;12143.000000;101;7250.000000
1.5x;maxData200;Nsfnet_14_21;50-b;452.000000;452.000000;0.000000;2.199000;3;0;1;1;0;1;0;0;2;4.703192;35737;47425;121763;0;0;0;0;0;0;21887;52;1;0;50;50;0;75;1439;104;114500.000000;452;54383.333333
1.5x;random;German_17_26;10;131.000000;131.000000;0.000000;0.382000;3;0;1;1;0;1;0;0;2;0.111245;3074;2840;4726;0;0;0;0;0;0;809187131;809185328;809185339;876294203;10;10;0;15;217;28;5033.000000;131;5500.000000
1.5x;random;European_18_40;90-b;969.000000;969.000000;0.000000;29.987000;3;0;1;1;0;1;0;0;2;73.162008;241650;201690;730350;0;0;0;0;0;0;21914;57;1;0;90;90;0;135;4185;202;126037.000000;969;73450.000000
1.5x;random;European_18_40;10-b;6.000000;6.000000;0.000000;0.181000;8;0;1;1;0;1;0;0;2;0.121423;2967;3220;9034;0;0;0;0;0;0;21948;808333362;4;0;10;10;0;6;75;20;11098.000000;75;6450.000000
1.5x;maxData200;Nsfnet_14_21;60-b;54.000000;54.000000;0.000000;1553.075000;8;0;1;1;0;1;0;0;2;7.642411;55826;67770;170975;0;0;0;0;0;0;21987;13361;2;0;60;60;0;54;993;143;159900.000000;648;74883.333333
1.5x;maxData200;European_18_40;90;101.000000;20.459677;79.742894;14400.548000;8;0;1;1;0;1;0;0;2;61.349630;188120;201780;783881;0;0;0;0;0;0;21932;53;1;0;90;90;0;101;2363;216;120115.000000;1082;73400.000000
1.5x;maxData200;Nsfnet_14_21;50;507.000000;507.000000;0.000000;2.920000;3;0;1;1;0;1;0;0;2;4.381010;32353;47425;125147;0;0;0;0;0;0;22032;56;1;0;50;50;0;75;1349;108;114300.000000;507;54400.000000
1.5x;random;Nsfnet_14_21;40-b;43.000000;43.000000;0.000000;111.443000;8;0;1;1;0;1;0;0;2;2.298344;21515;30780;79286;0;0;0;0;0;0;21947;-65486;1;0;40;40;0;43;649;102;102600.000000;415;49666.666667
1.5x;maxData200;Nsfnet_14_21;90;885.000000;885.000000;0.000000;12.029000;3;0;1;1;0;1;0;0;2;26.481647;119107;150165;391193;0;0;0;0;0;0;21908;53;1;0;90;90;0;135;2596;199;228700.000000;885;106833.333333
1.5x;maxData200;Nsfnet_14_21;80-b;836.000000;836.000000;0.000000;11.209000;3;0;1;1;0;1;0;0;2;18.195958;90975;119080;312225;0;0;0;0;0;0;22061;50;1;0;80;80;0;120;2436;181;185300.000000;836;88933.333333
1.5x;random;German_17_26;10;10.000000;10.000000;0.000000;1.010000;8;0;1;1;0;1;0;0;2;0.088415;3075;2850;4726;0;0;0;0;0;0;809187131;809185328;809185339;876294203;10;10;0;10;207;35;6424.000000;169;6683.333333
1.5x;maxData200;Nsfnet_14_21;40-b;435.000000;435.000000;0.000000;1.534000;3;0;1;1;0;1;0;0;2;2.208816;20709;30740;80091;0;0;0;0;0;0;21988;-65486;1;0;40;40;0;60;1163;94;96600.000000;435;46100.000000
1.5x;maxData200;Nsfnet_14_21;100-b;103.000000;49.957447;51.497624;14400.085000;8;0;1;1;0;1;0;0;2;34.187304;147990;184950;482011;0;0;0;0;0;0;21962;54;1;0;100;100;0;103;2052;284;290700.000000;1205;137083.333333
1.5x;maxData200;European_18_40;80-b;939.000000;939.000000;0.000000;16.581000;3;0;1;1;0;1;0;0;2;38.325196;209185;160080;558815;0;0;0;0;0;0;21961;-65487;1;0;80;80;0;120;3883;185;120144.000000;939;67316.666667
1.5x;random;German_17_26;20-b;18.000000;18.000000;0.000000;47.316000;8;0;1;1;0;1;0;0;2;0.603519;11921;10200;19280;0;0;0;0;0;0;22007;55;1;0;20;20;0;18;311;55;8884.000000;233;9550.000000
1.5x;maxData200;Nsfnet_14_21;90;79.000000;42.000000;46.835443;14400.082000;8;0;1;1;0;1;0;0;2;24.912727;119108;150255;391193;0;0;0;0;0;0;22004;53;1;0;90;90;0;79;1571;251;262900.000000;1044;123366.666667
1.5x;random;European_18_40;50;477.000000;477.000000;0.000000;2.704000;3;0;1;1;0;1;0;0;2;10.890668;61116;64050;238884;0;0;0;0;0;0;21873;-16763855;2;0;50;50;0;75;2381;108;68633.000000;477;39100.000000
1.5x;maxData200;Nsfnet_14_21;20-b;-1.000000;-1.000000;0.000000;0.237000;3;0;1;1;0;1;0;0;2;0.279963;5274;8170;19926;0;0;0;0;0;0;21899;12849;2;0;0;0;0;154613760;21899;1;0.000000;0;0.000000
1.5x;random;German_17_26;80-b;982.000000;982.000000;0.000000;52.307000;3;0;1;1;0;1;0;0;2;45.361395;289159;148720;210041;0;0;0;0;0;0;22065;13105;2;0;80;80;0;120;2709;234;41419.000000;982;40166.666667
1.5x;maxData200;Nsfnet_14_21;90-b;80.000000;42.005550;47.493063;14400.066000;8;0;1;1;0;1;0;0;2;24.631966;113402;150255;396899;0;0;0;0;0;0;22037;53;1;0;90;90;0;80;1611;240;238300.000000;1046;113400.000000
1.5x;maxData200;European_18_40;40;411.000000;411.000000;0.000000;2.872000;3;0;1;1;0;1;0;0;2;4.391300;36192;41640;155808;0;0;0;0;0;0;22084;50;1;0;40;40;0;60;1667;87;51009.000000;411;31400.000000
1.5x;maxData200;Nsfnet_14_21;70-b;750.000000;750.000000;0.000000;6.736000;3;0;1;1;0;1;0;0;2;11.739150;71046;91595;237654;0;0;0;0;0;0;22096;13361;2;0;70;70;0;105;2039;160;173100.000000;750;80816.666667
1.5x;maxData200;Nsfnet_14_21;20;220.000000;220.000000;0.000000;0.216000;3;0;1;1;0;1;0;0;2;0.312444;6635;8170;18565;0;0;0;0;0;0;22042;3145779;1;0;20;20;0;30;561;49;56400.000000;220;25683.333333
1.5x;maxData200;European_18_40;80;73.000000;19.121739;73.805837;14400.366000;8;0;1;1;0;1;0;0;2;49.235574;193265;160160;574736;0;0;0;0;0;0;21952;-65480;1;0;80;80;0;73;1755;198;116496.000000;999;67750.000000
1.5x;maxData200;European_18_40;30-b;18.000000;18.000000;0.000000;1583.640000;8;0;1;1;0;1;0;0;2;1.993376;26204;24060;81797;0;0;0;0;0;0;21902;12849;2;0;30;30;0;18;472;76;38103.000000;391;23266.666667
1.5x;random;German_17_26;90-b;-1.000000;39.077273;0.000000;14400.246000;8;0;1;1;0;1;0;0;2;62.611800;344207;187650;287594;0;0;0;0;0;0;21950;13617;2;0;0;0;0;499172576;21950;1;0.000000;0;0.000000
1.5x;random;European_18_40;100-b;129.000000;21.056180;83.677380;14400.284000;8;0;1;1;0;1;0;0;2;91.511213;285615;248200;914386;0;0;0;0;0;0;22058;13105;2;0;100;100;0;129;3322;266;151073.000000;1206;90250.000000
1.5x;random;German_17_26;10-b;177.000000;177.000000;0.000000;0.310000;3;0;1;1;0;1;0;0;2;0.076520;2634;2840;5166;0;0;0;0;0;0;859517243;993082165;808465467;825962544;10;10;0;15;229;33;5142.000000;177;5583.333333
1.5x;random;Nsfnet_14_21;80;790.000000;790.000000;0.000000;5.752000;3;0;1;1;0;1;0;0;2;17.056793;89360;119080;313840;0;0;0;0;0;0;22050;56;1;0;80;80;0;120;2350;181;184500.000000;790;90533.333333
1.5x;random;Nsfnet_14_21;60-b;539.000000;539.000000;0.000000;2.868000;3;0;1;1;0;1;0;0;2;7.904020;59653;67710;167147;0;0;0;0;0;0;21970;13361;2;0;60;60;0;90;1843;136;158800.000000;539;74550.000000
1.5x;random;German_17_26;70;806.000000;806.000000;0.000000;18.471000;3;0;1;1;0;1;0;0;2;28.096818;195370;114380;186830;0;0;0;0;0;0;22041;12337;2;0;70;70;0;105;2384;196;33408.000000;806;32950.000000
1.5x;maxData200;European_18_40;50-b;574.000000;574.000000;0.000000;6.348000;3;0;1;1;0;1;0;0;2;9.580729;76164;64050;223836;0;0;0;0;0;0;22087;-65486;1;0;50;50;0;75;2243;111;71920.000000;574;40650.000000
1.5x;random;European_18_40;40-b;16.000000;16.000000;0.000000;3070.928000;8;0;1;1;0;1;0;0;2;5.775665;41209;41680;150792;0;0;0;0;0;0;21892;14385;2;0;40;40;0;16;531;101;57799.000000;430;33433.333333
1.5x;maxData200;Nsfnet_14_21;30-b;-1.000000;-1.000000;0.000000;0.519000;8;0;1;1;0;1;0;0;2;0.908131;12092;17685;44609;0;0;0;0;0;0;21867;-65480;1;0;0;0;0;-670439648;21867;1;0.000000;0;0.000000
1.5x;maxData200;Nsfnet_14_21;80;884.000000;884.000000;0.000000;11.117000;3;0;1;1;0;1;0;0;2;16.235930;80466;119080;322734;0;0;0;0;0;0;21867;56;1;0;80;80;0;120;2401;184;181200.000000;884;86300.000000
1.5x;random;German_17_26;20-b;212.000000;212.000000;0.000000;0.585000;3;0;1;1;0;1;0;0;2;0.643144;11920;10180;19280;0;0;0;0;0;0;22022;55;1;0;20;20;0;30;454;49;8211.000000;212;8883.333333
1.5x;random;German_17_26;50;589.000000;589.000000;0.000000;6.835000;3;0;1;1;0;1;0;0;2;9.853712;79799;59200;115201;0;0;0;0;0;0;21846;55;1;0;50;50;0;75;1774;126;20783.000000;589;22533.333333
1.5x;maxData200;Nsfnet_14_21;60-b;624.000000;624.000000;0.000000;3.585000;3;0;1;1;0;1;0;0;2;7.698278;55825;67710;170975;0;0;0;0;0;0;21846;13361;2;0;60;60;0;90;1752;137;154500.000000;624;72383.333333
1.5x;random;Nsfnet_14_21;60-b;45.000000;44.000000;2.222222;14400.028000;8;0;1;1;0;1;0;0;2;7.904369;59654;67770;167147;0;0;0;0;0;0;22022;13361;2;0;60;60;0;45;837;142;159800.000000;557;75250.000000
1.5x;random;European_18_40;80-b;822.000000;822.000000;0.000000;17.254000;3;0;1;1;0;1;0;0;2;48.668593;198661;160080;569339;0;0;0;0;0;0;21934;-65487;1;0;80;80;0;120;3981;184;117065.000000;822;66066.666667
1.5x;random;European_18_40;60-b;599.000000;599.000000;0.000000;6.282000;3;0;1;1;0;1;0;0;2;20.163994;102308;91260;329692;0;0;0;0;0;0;22017;-16763855;2;0;60;60;0;90;3197;130;82464.000000;599;48916.666667
1.5x;maxData200;European_18_40;90-b;1018.000000;1018.000000;0.000000;22.029000;3;0;1;1;0;1;0;0;2;53.985710;273656;201690;698344;0;0;0;0;0;0;21965;57;1;0;90;90;0;135;4355;202;128536.000000;1018;73016.666667
1.5x;maxData200;Nsfnet_14_21;80;106.000000;106.000000;0.000000;3660.857000;8;0;1;1;0;1;0;0;2;16.385209;80467;119160;322734;0;0;0;0;0;0;21962;56;1;0;80;80;0;106;2013;197;187500.000000;935;89500.000000
1.5x;random;Nsfnet_14_21;30;211.000000;211.000000;0.000000;0.327000;3;0;1;1;0;1;0;0;2;0.878358;10717;17655;45983;0;0;0;0;0;0;21944;-16764879;2;0;30;30;0;45;865;57;63800.000000;211;30783.333333
1.5x;maxData200;European_18_40;60-b;27.000000;13.791655;48.919797;14400.069000;8;0;1;1;0;1;0;0;2;15.039026;87770;91320;344231;0;0;0;0;0;0;21855;-16763855;2;0;60;60;0;27;893;143;87667.000000;679;52566.666667
1.5x;random;Nsfnet_14_21;90;64.000000;28.129187;56.048146;14400.136000;8;0;1;1;0;1;0;0;2;26.691087;137400;150255;372901;0;0;0;0;0;0;21875;53;1;0;90;90;0;64;1286;246;267600.000000;889;125650.000000
1.5x;maxData200;Nsfnet_14_21;70-b;94.000000;94.000000;0.000000;2658.368000;8;0;1;1;0;1;0;0;2;11.624500;71047;91665;237654;0;0;0;0;0;0;21909;13361;2;0;70;70;0;94;1681;170;180700.000000;792;84450.000000
1.5x;random;European_18_40;80;834.000000;834.000000;0.000000;14.713000;3;0;1;1;0;1;0;0;2;47.318794;184585;160080;583415;0;0;0;0;0;0;21971;-65480;1;0;80;80;0;120;3534;179;113323.000000;834;67500.000000
1.5x;maxData200;Nsfnet_14_21;70;64.000000;64.000000;0.000000;11430.024000;8;0;1;1;0;1;0;0;2;11.582779;59157;91665;249544;0;0;0;0;0;0;21945;56;1;0;70;70;0;64;1226;152;163300.000000;716;77816.666667
1.5x;random;German_17_26;50;45.000000;20.095238;55.343915;14400.090000;8;0;1;1;0;1;0;0;2;10.046802;79800;59250;115201;0;0;0;0;0;0;21922;55;1;0;50;50;0;45;1077;153;25090.000000;704;26650.000000
1.5x;random;Nsfnet_14_21;30;27.000000;27.000000;0.000000;1.170000;8;0;1;1;0;1;0;0;2;0.933754;10718;17685;45983;0;0;0;0;0;0;21875;-16764879;2;0;30;30;0;27;460;61;65600.000000;223;31683.333333
1.5x;random;German_17_26;40;38.000000;18.018049;52.584081;14400.066000;8;0;1;1;0;1;0;0;2;5.973786;65045;38400;59756;0;0;0;0;0;0;21964;12337;2;0;40;40;0;38;887;134;24241.000000;558;21833.333333
1.5x;random;European_18_40;70;807.000000;807.000000;0.000000;17.958000;3;0;1;1;0;1;0;0;2;33.420703;132437;123270;455563;0;0;0;0;0;0;21922;-16764879;2;0;70;70;0;105;3321;164;105222.000000;807;60416.666667
1.5x;random;German_17_26;40-b;460.000000;460.000000;0.000000;10.479000;3;0;1;1;0;1;0;0;2;6.232954;71531;38360;53269;0;0;0;0;0;0;21891;56;1;0;40;40;0;60;1313;113;20949.000000;460;19216.666667
1.5x;maxData200;Nsfnet_14_21;90-b;890.000000;890.000000;0.000000;8.173000;3;0;1;1;0;1;0;0;2;25.987086;113401;150165;396899;0;0;0;0;0;0;21920;53;1;0;90;90;0;135;2807;196;217100.000000;890;102533.333333
1.5x;random;Nsfnet_14_21;70;40.000000;40.000000;0.000000;6062.258000;8;0;1;1;0;1;0;0;2;12.810593;69840;91665;238861;0;0;0;0;0;0;22025;56;1;0;70;70;0;40;819;161;176400.000000;641;84016.666667
1.5x;random;European_18_40;100-b;1043.000000;1043.000000;0.000000;28.970000;3;0;1;1;0;1;0;0;2;96.680659;285614;248100;914386;0;0;0;0;0;0;21903;13105;2;0;100;100;0;150;5274;227;137804.000000;1043;82450.000000
1.5x;random;European_18_40;40-b;377.000000;377.000000;0.000000;3.405000;3;0;1;1;0;1;0;0;2;6.152151;41208;41640;150792;0;0;0;0;0;0;21991;14385;2;0;40;40;0;60;1509;88;54115.000000;377;31133.333333
1.5x;random;Nsfnet_14_21;90-b;57.000000;36.000000;36.842105;14400.086000;8;0;1;1;0;1;0;0;2;25.930110;129027;150255;381274;0;0;0;0;0;0;21969;53;1;0;90;90;0;57;1097;211;231600.000000;790;109583.333333
1.5x;random;European_18_40;90-b;135.000000;21.488636;84.082492;14400.332000;8;0;1;1;0;1;0;0;2;67.156181;241651;201780;730350;0;0;0;0;0;0;21849;57;1;0;90;90;0;135;4889;243;136313.000000;1177;80800.000000
1.5x;maxData200;Nsfnet_14_21;80-b;84.000000;84.000000;0.000000;4445.584000;8;0;1;1;0;1;0;0;2;17.114346;90976;119160;312225;0;0;0;0;0;0;21864;50;1;0;80;80;0;84;1440;192;194000.000000;875;93033.333333
1.5x;random;German_17_26;30;36.000000;20.226862;43.814272;14400.029000;8;0;1;1;0;1;0;0;2;2.001770;25456;22050;44745;0;0;0;0;0;0;22084;13361;2;0;30;30;0;36;742;105;18609.000000;531;19566.666667
1.5x;maxData200;European_18_40;10-b;68.000000;68.000000;0.000000;0.060000;3;0;1;1;0;1;0;0;2;0.073510;1710;3210;10290;0;0;0;0;0;0;21940;808333362;4;0;10;10;0;15;128;17;9902.000000;68;6566.666667
1.5x;random;European_18_40;30-b;15.000000;15.000000;0.000000;196.483000;8;0;1;1;0;1;0;0;2;2.761870;31615;24060;76386;0;0;0;0;0;0;22039;12849;2;0;30;30;0;15;409;80;43506.000000;356;25700.000000
1.5x;random;Nsfnet_14_21;80;87.000000;87.000000;0.000000;6334.511000;8;0;1;1;0;1;0;0;2;16.950076;89361;119160;313840;0;0;0;0;0;0;22033;56;1;0;80;80;0;87;1578;193;192500.000000;826;94500.000000
1.5x;random;Nsfnet_14_21;40;324.000000;324.000000;0.000000;0.970000;3;0;1;1;0;1;0;0;2;2.487021;27705;30740;73095;0;0;0;0;0;0;22014;-65482;1;0;40;40;0;60;1027;85;109300.000000;324;51850.000000
1.5x;maxData200;Nsfnet_14_21;50-b;42.000000;42.000000;0.000000;166.340000;8;0;1;1;0;1;0;0;2;4.230064;35738;47475;121763;0;0;0;0;0;0;22069;52;1;0;50;50;0;42;732;115;123200.000000;485;58383.333333
1.5x;random;German_17_26;60-b;90.000000;24.789474;72.456140;14400.097000;8;0;1;1;0;1;0;0;2;16.612576;118616;84600;162185;0;0;0;0;0;0;22003;49;1;0;60;60;0;90;2217;178;28840.000000;812;31866.666667
1.5x;random;German_17_26;80;992.000000;992.000000;0.000000;32.500000;3;0;1;1;0;1;0;0;2;42.444850;242845;148720;256355;0;0;0;0;0;0;21893;53;1;0;80;80;0;120;2544;217;40204.000000;992;40000.000000
1.5x;random;European_18_40;40;19.000000;12.387233;34.804038;14400.068000;8;0;1;1;0;1;0;0;2;6.286190;53348;41680;138653;0;0;0;0;0;0;21853;50;1;0;40;40;0;19;614;104;57358.000000;460;33783.333333
1.5x;maxData200;European_18_40;70;105.000000;22.410256;78.656899;14400.179000;8;0;1;1;0;1;0;0;2;24.696274;140548;123340;447453;0;0;0;0;0;0;22091;-16764879;2;0;70;70;0;105;3085;183;110375.000000;970;61750.000000
1.5x;random;European_18_40;30;345.000000;345.000000;0.000000;1.016000;3;0;1;1;0;1;0;0;2;2.457299;21718;24030;86282;0;0;0;0;0;0;21856;12593;2;0;30;30;0;45;1136;68;38669.000000;345;24716.666667
1.5x;random;European_18_40;60;35.000000;16.312149;53.393860;14400.207000;8;0;1;1;0;1;0;0;2;23.086734;116834;91320;315167;0;0;0;0;0;0;21922;-65479;1;0;60;60;0;35;1102;151;88584.000000;701;52933.333333
1.5x;random;German_17_26;80;120.000000;34.453125;71.289062;14400.160000;8;0;1;1;0;1;0;0;2;45.170455;242846;148800;256355;0;0;0;0;0;0;21910;53;1;0;80;80;0;120;2634;262;42849.000000;1172;43883.333333
1.5x;random;European_18_40;10-b;66.000000;66.000000;0.000000;0.100000;3;0;1;1;0;1;0;0;2;0.106232;2966;3210;9034;0;0;0;0;0;0;21986;808333362;4;0;10;10;0;15;151;17;9902.000000;66;5783.333333
1.5x;random;European_18_40;100;123.000000;19.387826;84.237540;14400.536000;8;0;1;1;0;1;0;0;2;99.447217;306674;248200;893327;0;0;0;0;0;0;21920;55;1;0;100;100;0;123;2895;254;151038.000000;1116;86850.000000
1.5x;random;German_17_26;20;267.000000;267.000000;0.000000;0.616000;3;0;1;1;0;1;0;0;2;0.616197;9481;10180;21719;0;0;0;0;0;0;21994;55;1;0;20;20;0;30;562;53;9282.000000;267;10550.000000
1.5x;random;Nsfnet_14_21;10;9.000000;9.000000;0.000000;0.143000;8;0;1;1;0;1;0;0;2;0.044823;1274;2295;5027;0;0;0;0;0;0;0;-1133871366;0;0;10;10;0;9;100;22;26000.000000;84;12266.666667
1.5x;random;Nsfnet_14_21;60;627.000000;627.000000;0.000000;6.285000;3;0;1;1;0;1;0;0;2;8.176855;58922;67710;167878;0;0;0;0;0;0;21947;13105;2;0;60;60;0;90;1809;147;157400.000000;627;74633.333333
1.5x;random;Nsfnet_14_21;50-b;395.000000;395.000000;0.000000;1.748000;3;0;1;1;0;1;0;0;2;4.465417;35762;47425;121738;0;0;0;0;0;0;22057;52;1;0;50;50;0;75;1463;104;116100.000000;395;56166.666667
1.5x;random;Nsfnet_14_21;60;78.000000;78.000000;0.000000;6377.482000;8;0;1;1;0;1;0;0;2;8.505578;58923;67770;167878;0;0;0;0;0;0;21877;13105;2;0;60;60;0;78;1477;172;173700.000000;705;82533.333333
1.5x;random;Nsfnet_14_21;40;30.000000;30.000000;0.000000;12.523000;8;0;1;1;0;1;0;0;2;2.724670;27706;30780;73095;0;0;0;0;0;0;21941;-65482;1;0;40;40;0;30;491;89;108900.000000;336;51916.666667
1.5x;maxData200;European_18_40;60;701.000000;701.000000;0.000000;10.796000;3;0;1;1;0;1;0;0;2;17.280236;112546;91260;319454;0;0;0;0;0;0;21963;-65479;1;0;60;60;0;90;2830;137;85787.000000;701;48783.333333
1.5x;random;Nsfnet_14_21;10-b;93.000000;93.000000;0.000000;0.084000;3;0;1;1;0;1;0;0;2;0.044110;1611;2285;4689;0;0;0;0;0;0;0;-1133871366;0;0;10;10;0;15;165;25;28800.000000;93;13366.666667
1.5x;random;Nsfnet_14_21;80-b;766.000000;766.000000;0.000000;10.334000;3;0;1;1;0;1;0;0;2;18.210347;90112;119080;313088;0;0;0;0;0;0;22094;50;1;0;80;80;0;120;2374;180;186400.000000;766;91383.333333
1.5x;random;Nsfnet_14_21;70;587.000000;587.000000;0.000000;4.196000;3;0;1;1;0;1;0;0;2;12.665612;69839;91595;238861;0;0;0;0;0;0;21949;56;1;0;70;70;0;105;2126;145;166800.000000;587;79216.666667
1.5x;random;Nsfnet_14_21;80-b;78.000000;78.000000;0.000000;2718.184000;8;0;1;1;0;1;0;0;2;17.224385;90113;119160;313088;0;0;0;0;0;0;21881;50;1;0;80;80;0;78;1374;193;195500.000000;817;95883.333333
1.5x;random;Nsfnet_14_21;90-b;727.000000;727.000000;0.000000;6.608000;3;0;1;1;0;1;0;0;2;26.023014;129026;150165;381274;0;0;0;0;0;0;21945;53;1;0;90;90;0;135;2733;194;222500.000000;727;104816.666667
1.5x;random;Nsfnet_14_21;20-b;29.000000;29.000000;0.000000;1.424000;8;0;1;1;0;1;0;0;2;0.282558;5366;8190;19835;0;0;0;0;0;0;22046;12849;2;0;20;20;0;29;427;59;51000.000000;224;24133.333333
1.5x;maxData200;European_18_40;10-b;6.000000;6.000000;0.000000;0.033000;8;0;1;1;0;1;0;0;2;0.073364;1711;3220;10290;0;0;0;0;0;0;22045;808333362;4;0;10;10;0;6;83;20;10473.000000;83;6966.666667
1.5x;random;German_17_26;70-b;105.000000;29.761468;71.655745;14400.156000;8;0;1;1;0;1;0;0;2;26.435979;155350;114450;226851;0;0;0;0;0;0;21945;12337;2;0;70;70;0;105;2578;221;36116.000000;989;38700.000000
1.5x;maxData200;Nsfnet_14_21;10-b;132.000000;132.000000;0.000000;0.074000;3;0;1;1;0;1;0;0;2;0.035426;1274;2285;5026;0;0;0;0;0;0;0;-1133871366;0;0;10;10;0;15;204;26;26300.000000;132;12100.000000
1.5x;maxData200;Nsfnet_14_21;40;28.000000;28.000000;0.000000;4952.495000;8;0;1;1;0;1;0;0;2;2.483687;27389;30780;73412;0;0;0;0;0;0;22036;-65482;1;0;40;40;0;28;498;89;109300.000000;349;51016.666667
1.5x;random;European_18_40;10;68.000000;68.000000;0.000000;0.045000;3;0;1;1;0;1;0;0;2;0.079843;1089;3210;10911;0;0;0;0;0;0;22078;808333362;4;0;10;10;0;15;126;18;9430.000000;68;6050.000000
1.5x;maxData200;Nsfnet_14_21;60;-1.000000;-1.000000;0.000000;5.364000;8;0;1;1;0;1;0;0;2;7.375471;52276;67770;174525;0;0;0;0;0;0;21918;13105;2;0;0;0;0;-1245399312;21918;1;0.000000;0;0.000000
1.5x;random;European_18_40;70;42.000000;21.191489;49.544073;14400.132000;8;0;1;1;0;1;0;0;2;31.080836;132438;123340;455563;0;0;0;0;0;0;22094;-16764879;2;0;70;70;0;42;1471;193;111306.000000;951;64833.333333
1.5x;random;European_18_40;10;6.000000;6.000000;0.000000;0.053000;8;0;1;1;0;1;0;0;2;0.079888;1090;3220;10911;0;0;0;0;0;0;21986;808333362;4;0;10;10;0;6;80;21;10097.000000;80;6550.000000
1.5x;random;German_17_26;90;1045.000000;1045.000000;0.000000;31.793000;3;0;1;1;0;1;0;0;2;57.302701;293743;187560;338057;0;0;0;0;0;0;21994;13873;2;0;90;90;0;135;3352;231;41325.000000;1045;41800.000000
1.5x;random;Nsfnet_14_21;20;199.000000;199.000000;0.000000;0.212000;3;0;1;1;0;1;0;0;2;0.322368;6838;8170;18362;0;0;0;0;0;0;22072;3145779;1;0;20;20;0;30;466;49;56400.000000;199;26066.666667
1.5x;random;Nsfnet_14_21;100;74.000000;39.745125;46.290372;14400.086000;8;0;1;1;0;1;0;0;2;34.148395;145105;184950;484896;0;0;0;0;0;0;21866;57;1;0;100;100;0;74;1471;228;249100.000000;890;118816.666667
1.5x;maxData200;Nsfnet_14_21;100;90.000000;48.000000;46.666667;14400.098000;8;0;1;1;0;1;0;0;2;33.618301;142739;184950;487262;0;0;0;0;0;0;22096;57;1;0;100;100;0;90;1716;228;248300.000000;1026;116933.333333
1.5x;maxData200;Nsfnet_14_21;20-b;-1.000000;-1.000000;0.000000;0.427000;8;0;1;1;0;1;0;0;2;0.279224;5275;8190;19926;0;0;0;0;0;0;21862;12849;2;0;0;0;0;1432344576;21862;1;0.000000;0;0.000000
1.5x;maxData200;Nsfnet_14_21;30;280.000000;280.000000;0.000000;0.291000;3;0;1;1;0;1;0;0;2;0.826930;9533;17655;47167;0;0;0;0;0;0;21909;-16764879;2;0;30;30;0;45;890;58;60100.000000;280;29033.333333
1.5x;random;German_17_26;40-b;39.000000;16.476744;57.751938;14400.052000;8;0;1;1;0;1;0;0;2;5.772478;71532;38400;53269;0;0;0;0;0;0;21936;56;1;0;40;40;0;39;959;149;25678.000000;606;23883.333333
1.5x;random;Nsfnet_14_21;70-b;60.000000;60.000000;0.000000;11318.853000;8;0;1;1;0;1;0;0;2;12.488681;74438;91665;234263;0;0;0;0;0;0;21962;13361;2;0;70;70;0;60;1137;167;184000.000000;655;86766.666667
1.5x;maxData200;European_18_40;20-b;12.000000;12.000000;0.000000;2.576000;8;0;1;1;0;1;0;0;2;0.739363;8802;11240;39199;0;0;0;0;0;0;0;-1133871366;0;0;20;20;0;12;246;42;21055.000000;205;13833.333333
1.5x;random;German_17_26;50-b;614.000000;614.000000;0.000000;12.611000;3;0;1;1;0;1;0;0;2;11.214248;93022;59200;101978;0;0;0;0;0;0;21881;49;1;0;50;50;0;75;1716;133;24364.000000;614;24183.333333
1.5x;random;German_17_26;60-b;700.000000;700.000000;0.000000;16.011000;3;0;1;1;0;1;0;0;2;17.765311;118615;84540;162185;0;0;0;0;0;0;21989;49;1;0;60;60;0;90;2141;153;26553.000000;700;28850.000000
1.5x;maxData200;European_18_40;40-b;18.000000;18.000000;0.000000;5124.893000;8;0;1;1;0;1;0;0;2;5.009388;45220;41680;146781;0;0;0;0;0;0;21942;14385;2;0;40;40;0;18;596;99;57069.000000;518;33266.666667
1.5x;random;German_17_26;50-b;51.000000;21.600000;57.647059;14400.123000;8;0;1;1;0;1;0;0;2;10.454149;93023;59250;101978;0;0;0;0;0;0;22036;49;1;0;50;50;0;51;1155;158;27048.000000;716;27100.000000
1.5x;maxData200;European_18_40;70;858.000000;858.000000;0.000000;11.698000;3;0;1;1;0;1;0;0;2;25.433219;140547;123270;447453;0;0;0;0;0;0;22010;-16764879;2;0;70;70;0;105;3359;164;106401.000000;858;59233.333333
1.5x;maxData200;European_18_40;20;12.000000;12.000000;0.000000;12.939000;8;0;1;1;0;1;0;0;2;0.554437;9944;11240;38057;0;0;0;0;0;0;0;-1133871366;0;0;20;20;0;12;267;48;27356.000000;252;15883.333333
1.5x;maxData200;Nsfnet_14_21;10;12.000000;12.000000;0.000000;0.067000;8;0;1;1;0;1;0;0;2;0.035340;1138;2295;5163;0;0;0;0;0;0;0;-755914244;0;0;10;10;0;12;110;20;25200.000000;89;11883.333333
1.5x;maxData200;European_18_40;70-b;638.000000;638.000000;0.000000;8.639000;3;0;1;1;0;1;0;0;2;24.193541;119563;123270;468437;0;0;0;0;0;0;22019;-65486;1;0;70;70;0;105;3531;131;84683.000000;638;51583.333333
1.5x;maxData200;European_18_40;80-b;120.000000;18.802360;84.331367;14400.404000;8;0;1;1;0;1;0;0;2;40.112356;209186;160160;558815;0;0;0;0;0;0;21991;-65487;1;0;80;80;0;120;4338;227;131161.000000;1161;74250.000000
1.5x;random;European_18_40;50;21.000000;12.523651;40.363566;14400.121000;8;0;1;1;0;1;0;0;2;11.613602;61117;64100;238884;0;0;0;0;0;0;21869;-16763855;2;0;50;50;0;21;701;120;71920.000000;534;41783.333333
1.5x;random;German_17_26;20;18.000000;18.000000;0.000000;84.838000;8;0;1;1;0;1;0;0;2;0.623692;9482;10200;21719;0;0;0;0;0;0;22004;55;1;0;20;20;0;18;384;54;9110.000000;270;10433.333333
1.5x;random;Nsfnet_14_21;90;739.000000;739.000000;0.000000;9.318000;3;0;1;1;0;1;0;0;2;27.960569;137399;150165;372901;0;0;0;0;0;0;21905;53;1;0;90;90;0;135;2788;196;233800.000000;739;109283.333333
1.5x;random;European_18_40;50-b;21.000000;18.000000;14.285714;14400.060000;8;0;1;1;0;1;0;0;2;11.775090;78220;64100;221781;0;0;0;0;0;0;22081;-65486;1;0;50;50;0;21;742;135;82165.000000;559;46450.000000
1.5x;random;Nsfnet_14_21;50;39.000000;39.000000;0.000000;498.488000;8;0;1;1;0;1;0;0;2;4.314971;33834;47475;123667;0;0;0;0;0;0;21887;56;1;0;50;50;0;39;642;113;121600.000000;461;57950.000000
1.5x;random;Nsfnet_14_21;10-b;9.000000;9.000000;0.000000;0.137000;8;0;1;1;0;1;0;0;2;0.040430;1612;2295;4689;0;0;0;0;0;0;0;-1133871366;0;0;10;10;0;9;132;28;28700.000000;102;13466.666667
1.5x;maxData200;European_18_40;70-b;30.000000;15.250000;49.166667;14400.070000;8;0;1;1;0;1;0;0;2;23.993173;119564;123340;468437;0;0;0;0;0;0;21961;-65486;1;0;70;70;0;30;1001;146;87503.000000;713;53750.000000
1.5x;random;German_17_26;70-b;821.000000;821.000000;0.000000;14.931000;3;0;1;1;0;1;0;0;2;26.473634;155349;114380;226851;0;0;0;0;0;0;22003;12337;2;0;70;70;0;105;2281;180;32318.000000;821;34166.666667
1.5x;maxData200;Nsfnet_14_21;10-b;12.000000;12.000000;0.000000;0.072000;8;0;1;1;0;1;0;0;2;0.034741;1275;2295;5026;0;0;0;0;0;0;0;-1133871366;0;0;10;10;0;12;152;26;26300.000000;132;12100.000000
1x;random;Nsfnet_14_21;10;9.000000;9.000000;0.000000;0.051000;8;0;1;1;0;1;0;0;2;0.017506;774;1590;3427;0;0;0;0;0;0;0;-1133871366;0;0;10;10;0;9;117;25;26300.000000;93;12533.333333
1x;maxData200;European_18_40;40;411.000000;411.000000;0.000000;1.663000;3;0;1;1;0;1;0;0;2;1.955972;23192;28040;104808;0;0;0;0;0;0;21929;50;1;0;40;40;0;40;1247;87;49164.000000;411;30600.000000
1x;random;Nsfnet_14_21;30;27.000000;27.000000;0.000000;0.478000;8;0;1;1;0;1;0;0;2;0.396127;6953;11970;30848;0;0;0;0;0;0;22051;57;1;0;30;30;0;27;407;59;64000.000000;217;30916.666667
1.5x;maxData200;European_18_40;60;39.000000;17.875000;54.166667;14400.162000;8;0;1;1;0;1;0;0;2;15.933259;112547;91320;319454;0;0;0;0;0;0;21972;-65479;1;0;60;60;0;39;1250;157;89263.000000;796;51333.333333
1.5x;maxData200;European_18_40;50-b;26.000000;13.879775;46.616252;14400.121000;8;0;1;1;0;1;0;0;2;9.128147;76165;64100;223836;0;0;0;0;0;0;21868;-65486;1;0;50;50;0;26;863;128;75692.000000;666;43450.000000
1x;maxData200;Nsfnet_14_21;50;-1.000000;-1.000000;0.000000;0.922000;3;0;1;1;0;1;0;0;2;1.827083;21128;31900;83872;0;0;0;0;0;0;21866;-16763855;2;0;-1;-1;-1;291182368;21866;1;0.000000;0;0.000000
1x;maxData200;German_17_26;40-b;417.000000;417.000000;0.000000;2.687000;3;0;1;1;0;1;0;0;2;1.868725;26580;25840;56620;0;0;0;0;0;0;22046;56;1;0;40;40;0;40;781;113;21126.000000;417;23683.333333
1x;maxData200;European_18_40;70;858.000000;858.000000;0.000000;8.527000;3;0;1;1;0;1;0;0;2;11.038054;91512;82670;300488;0;0;0;0;0;0;21868;-16764879;2;0;70;70;0;70;2255;164;104189.000000;858;58233.333333
1x;maxData200;Nsfnet_14_21;40;337.000000;337.000000;0.000000;0.895000;3;0;1;1;0;1;0;0;2;1.113163;17888;20720;49312;0;0;0;0;0;0;22041;54;1;0;40;40;0;40;688;85;108900.000000;337;50683.333333
1.5x;random;European_18_40;60-b;27.000000;13.888889;48.559671;14400.097000;8;0;1;1;0;1;0;0;2;19.782581;102309;91320;329692;0;0;0;0;0;0;22065;-16763855;2;0;60;60;0;27;904;154;91069.000000;711;54600.000000
1x;maxData200;German_17_26;90-b;947.000000;947.000000;0.000000;63.584000;3;0;1;1;0;1;0;0;2;23.481462;161573;125640;259627;0;0;0;0;0;0;21867;13873;2;0;90;90;0;90;2190;253;49033.000000;947;52716.666667
1.5x;random;European_18_40;80-b;120.000000;18.134615;84.887821;14400.228000;8;0;1;1;0;1;0;0;2;48.811747;198662;160160;569339;0;0;0;0;0;0;21941;-65487;1;0;80;80;0;120;4226;215;123303.000000;952;70466.666667
1x;random;German_17_26;60-b;700.000000;700.000000;0.000000;22.375000;3;0;1;1;0;1;0;0;2;7.462612;77545;56760;109655;0;0;0;0;0;0;21917;49;1;0;60;60;0;60;1471;153;26934.000000;700;29150.000000
1x;maxData200;German_17_26;20;13.000000;13.000000;0.000000;26.343000;8;0;1;1;0;1;0;0;2;0.220247;4986;6940;15815;0;0;0;0;0;0;21930;55;1;0;20;20;0;13;304;61;10822.000000;221;12500.000000
1x;maxData200;Nsfnet_14_21;10-b;-1.000000;-1.000000;0.000000;0.004000;8;0;1;1;0;1;0;0;2;0.014995;740;1590;3461;0;0;0;0;0;0;0;-1133871366;0;0;1061720948;0;0;0;0;434007656;0.000000;0;0.000000
1x;random;Nsfnet_14_21;80;-1.000000;-1.000000;0.000000;3.069000;3;0;1;1;0;1;0;0;2;7.598576;58920;79840;209880;0;0;0;0;0;0;21946;808321080;1;0;0;0;0;-2121541760;21946;1;0.000000;0;0.000000
1x;maxData200;European_18_40;80-b;939.000000;939.000000;0.000000;12.383000;3;0;1;1;0;1;0;0;2;17.167363;136825;107280;375175;0;0;0;0;0;0;22032;-65487;1;0;80;80;0;80;2558;185;118603.000000;939;66633.333333
1.5x;maxData200;European_18_40;90-b;-1.000000;22.208029;0.000000;14400.377000;8;0;1;1;0;1;0;0;2;57.853012;273657;201780;698344;0;0;0;0;0;0;22054;57;1;0;0;0;0;-1187392288;22054;1;0.000000;0;0.000000
1x;maxData200;Nsfnet_14_21;30-b;-1.000000;-1.000000;0.000000;0.640000;8;0;1;1;0;1;0;0;2;0.463548;7802;11970;29999;0;0;0;0;0;0;21947;3145778;1;0;0;0;0;-1869346816;21947;1;0.000000;0;0.000000
1x;maxData200;German_17_26;10;107.000000;107.000000;0.000000;0.146000;3;0;1;1;0;1;0;0;2;0.035302;1236;1960;3964;0;0;0;0;0;0;808598324;808464955;993013808;859518513;10;10;0;10;142;29;5643.000000;107;6216.666667
1x;random;German_17_26;40-b;460.000000;460.000000;0.000000;12.053000;3;0;1;1;0;1;0;0;2;2.864221;46531;25840;36669;0;0;0;0;0;0;22022;56;1;0;40;40;0;40;778;113;20927.000000;460;19383.333333
1.5x;random;German_17_26;70;-1.000000;27.046980;0.000000;14400.282000;8;0;1;1;0;1;0;0;2;29.263587;195371;114450;186830;0;0;0;0;0;0;22046;12337;2;0;0;0;0;1463199472;22046;1;0.000000;0;0.000000
1x;maxData200;German_17_26;60;552.000000;552.000000;0.000000;6.095000;3;0;1;1;0;1;0;0;2;5.677373;47761;56760;139439;0;0;0;0;0;0;21861;56;1;0;60;60;0;60;1270;157;27142.000000;552;32450.000000
1x;maxData200;European_18_40;20-b;185.000000;185.000000;0.000000;0.364000;3;0;1;1;0;1;0;0;2;0.320024;5321;7620;26679;0;0;0;0;0;0;0;-1133871366;0;0;20;20;0;20;357;38;22060.000000;185;14016.666667
1x;random;Nsfnet_14_21;20;202.000000;202.000000;0.000000;0.377000;3;0;1;1;0;1;0;0;2;0.159150;4358;5560;12442;0;0;0;0;0;0;21906;51;1;0;20;20;0;20;300;50;57100.000000;202;26400.000000
1x;maxData200;Nsfnet_14_21;90-b;890.000000;890.000000;0.000000;19.347000;3;0;1;1;0;1;0;0;2;11.572420;74836;100620;265364;0;0;0;0;0;0;21919;53;1;0;90;90;0;90;1811;196;217300.000000;890;102566.666667
1.5x;random;German_17_26;80-b;-1.000000;32.565934;0.000000;14400.294000;8;0;1;1;0;1;0;0;2;48.142569;289160;148800;210041;0;0;0;0;0;0;22054;13105;2;0;0;0;0;-1370798352;22054;1;0.000000;0;0.000000
1x;random;German_17_26;20-b;18.000000;18.000000;0.000000;14.465000;8;0;1;1;0;1;0;0;2;0.293858;7511;6940;13290;0;0;0;0;0;0;21982;55;1;0;20;20;0;18;361;61;10425.000000;255;10650.000000
1x;random;German_17_26;50-b;614.000000;614.000000;0.000000;10.789000;3;0;1;1;0;1;0;0;2;4.999393;60597;39800;69403;0;0;0;0;0;0;21934;54;1;0;50;50;0;50;1083;133;24733.000000;614;24400.000000
1x;maxData200;European_18_40;60;701.000000;701.000000;0.000000;10.267000;3;0;1;1;0;1;0;0;2;7.728074;73066;61260;214934;0;0;0;0;0;0;22055;51;1;0;60;60;0;60;1847;137;86083.000000;701;48783.333333
1.5x;random;German_17_26;100;-1.000000;34.953608;0.000000;14400.244000;8;0;1;1;0;1;0;0;2;80.418535;371967;231000;408034;0;0;0;0;0;0;22064;56;1;0;0;0;0;269116640;22064;1;0.000000;0;0.000000
1x;random;Nsfnet_14_21;30;211.000000;211.000000;0.000000;0.300000;3;0;1;1;0;1;0;0;2;0.399092;6952;11940;30848;0;0;0;0;0;0;22045;57;1;0;30;30;0;30;590;57;63800.000000;211;30783.333333
1x;random;German_17_26;80-b;982.000000;982.000000;0.000000;485.309000;3;0;1;1;0;1;0;0;2;21.812685;190319;99680;142481;0;0;0;0;0;0;21876;13105;2;0;80;80;0;80;1993;234;41153.000000;982;40000.000000
1x;random;German_17_26;100;1150.000000;1150.000000;0.000000;206.601000;3;0;1;1;0;1;0;0;2;38.135023;245216;154600;274784;0;0;0;0;0;0;21978;12337;2;0;100;100;0;100;2483;256;45368.000000;1150;46266.666667
1x;maxData200;German_17_26;90;838.000000;838.000000;0.000000;19.991000;3;0;1;1;0;1;0;0;2;20.185252;123594;125640;297606;0;0;0;0;0;0;21994;12593;2;0;90;90;0;90;2260;231;40195.000000;838;46350.000000
1x;maxData200;Nsfnet_14_21;80;-1.000000;-1.000000;0.000000;3.620000;3;0;1;1;0;1;0;0;2;7.747839;52986;79840;215814;0;0;0;0;0;0;21934;56;1;0;0;0;0;717948656;21934;1;0.000000;0;0.000000
1.5x;random;Nsfnet_14_21;100-b;75.000000;38.782070;48.290574;14400.133000;8;0;1;1;0;1;0;0;2;35.477879;157587;184950;472414;0;0;0;0;0;0;21884;54;1;0;100;100;0;75;1496;269;287600.000000;1002;136200.000000
1x;maxData200;European_18_40;60-b;624.000000;624.000000;0.000000;4.044000;3;0;1;1;0;1;0;0;2;6.699223;57109;61260;230891;0;0;0;0;0;0;21912;12337;2;0;60;60;0;60;2007;131;80854.000000;624;48783.333333
1x;maxData200;Nsfnet_14_21;30-b;-1.000000;-1.000000;0.000000;0.320000;3;0;1;1;0;1;0;0;2;0.410281;7801;11940;29999;0;0;0;0;0;0;22007;3145778;1;0;0;0;0;-10786816;22007;1;0.000000;0;0.000000
1x;random;Nsfnet_14_21;70;587.000000;587.000000;0.000000;2.286000;3;0;1;1;0;1;0;0;2;5.297007;46004;61460;159796;0;0;0;0;0;0;22065;808321080;1;0;70;70;0;70;1412;145;164800.000000;587;78383.333333
1x;random;Nsfnet_14_21;80-b;778.000000;778.000000;0.000000;3.754000;3;0;1;1;0;1;0;0;2;7.703897;59432;79840;209368;0;0;0;0;0;0;21978;50;1;0;80;80;0;80;1550;184;190600.000000;778;93283.333333
1x;random;Nsfnet_14_21;40-b;-1.000000;-1.000000;0.000000;0.590000;3;0;1;1;0;1;0;0;2;0.947634;14034;20720;53166;0;0;0;0;0;0;21921;50;1;0;0;0;0;-1000315104;21921;1;0.000000;0;0.000000
1x;maxData200;German_17_26;40;405.000000;405.000000;0.000000;2.940000;3;0;1;1;0;1;0;0;2;2.013996;30691;25840;52509;0;0;0;0;0;0;21904;12337;2;0;40;40;0;40;739;109;19395.000000;405;21633.333333
1.5x;maxData200;European_18_40;50;24.000000;12.976528;45.931135;14400.078000;8;0;1;1;0;1;0;0;2;8.999041;57329;64100;242672;0;0;0;0;0;0;21973;-16763855;2;0;50;50;0;24;719;115;70837.000000;568;41683.333333
1x;maxData200;Nsfnet_14_21;60;-1.000000;-1.000000;0.000000;1.637000;8;0;1;1;0;1;0;0;2;3.560114;34306;45540;116895;0;0;0;0;0;0;22057;-65483;1;0;-1;-1;-1;-2124761312;22057;1;-nan;-1;0.000000
1x;maxData200;European_18_40;10;83.000000;83.000000;0.000000;0.045000;3;0;1;1;0;1;0;0;2;0.028725;776;2210;7224;0;0;0;0;0;0;21958;808333362;4;0;10;10;0;10;97;17;10750.000000;83;6550.000000
1x;maxData200;European_18_40;10-b;6.000000;6.000000;0.000000;0.053000;8;0;1;1;0;1;0;0;2;0.031518;991;2220;7010;0;0;0;0;0;0;22093;808333362;4;0;10;10;0;6;72;18;10038.000000;72;6716.666667
1x;maxData200;Nsfnet_14_21;50;-1.000000;-1.000000;0.000000;1.022000;8;0;1;1;0;1;0;0;2;1.838197;21129;31950;83872;0;0;0;0;0;0;22038;-16763855;2;0;-1;-1;-1;74995488;22038;1;0.000000;0;0.000000
1x;random;Nsfnet_14_21;90-b;727.000000;727.000000;0.000000;7.920000;3;0;1;1;0;1;0;0;2;11.685736;85286;100620;254914;0;0;0;0;0;0;21982;53;1;0;90;90;0;90;1841;194;224100.000000;727;105483.333333
1x;maxData200;European_18_40;20;218.000000;218.000000;0.000000;0.357000;3;0;1;1;0;1;0;0;2;0.244084;5993;7620;26007;0;0;0;0;0;0;21862;394985527;1;0;20;20;0;20;480;42;24875.000000;218;14433.333333
1.5x;random;German_17_26;100-b;-1.000000;41.291845;0.000000;14400.288000;8;0;1;1;0;1;0;0;2;85.890990;422727;231000;357274;0;0;0;0;0;0;21932;12593;2;0;0;0;0;1011086560;21932;1;0.000000;0;0.000000
1x;random;Nsfnet_14_21;60;-1.000000;-1.000000;0.000000;2.099000;8;0;1;1;0;1;0;0;2;3.564067;38733;45540;112468;0;0;0;0;0;0;21910;-65483;1;0;-1;-1;-1;-565737712;21910;1;-nan;-1;0.000000
1.5x;random;German_17_26;90;-1.000000;30.585799;0.000000;14400.213000;8;0;1;1;0;1;0;0;2;57.868228;293744;187650;338057;0;0;0;0;0;0;22013;13873;2;0;0;0;0;1488700640;22013;1;0.000000;0;0.000000
1.5x;random;German_17_26;30-b;25.000000;15.570935;37.716261;14400.030000;8;0;1;1;0;1;0;0;2;2.061012;27455;22050;42746;0;0;0;0;0;0;21948;13873;2;0;30;30;0;25;600;95;16252.000000;443;17433.333333
1.5x;random;European_18_40;70-b;27.000000;15.744696;41.686311;14400.070000;8;0;1;1;0;1;0;0;2;30.157182;116143;123340;471858;0;0;0;0;0;0;21941;-65486;1;0;70;70;0;27;939;158;90719.000000;678;54466.666667
1x;maxData200;European_18_40;70-b;638.000000;638.000000;0.000000;5.390000;3;0;1;1;0;1;0;0;2;10.682765;77913;82670;314087;0;0;0;0;0;0;22054;-65486;1;0;70;70;0;70;2265;131;85823.000000;638;51983.333333
1x;maxData200;German_17_26;20;189.000000;189.000000;0.000000;0.274000;3;0;1;1;0;1;0;0;2;0.222999;4985;6920;15815;0;0;0;0;0;0;22013;55;1;0;20;20;0;20;349;53;8925.000000;189;10733.333333
1x;maxData200;Nsfnet_14_21;20-b;-1.000000;-1.000000;0.000000;0.144000;8;0;1;1;0;1;0;0;2;0.126355;3325;5580;13476;0;0;0;0;0;0;21920;12849;2;0;0;0;0;987133952;21920;1;0.000000;0;0.000000
1x;random;Nsfnet_14_21;40;324.000000;324.000000;0.000000;0.888000;3;0;1;1;0;1;0;0;2;1.120776;18105;20720;49095;0;0;0;0;0;0;21979;54;1;0;40;40;0;40;678;85;109300.000000;324;51850.000000
1x;maxData200;German_17_26;100-b;1028.000000;1028.000000;0.000000;95.572000;3;0;1;1;0;1;0;0;2;28.169805;177551;154600;342449;0;0;0;0;0;0;22075;57;1;0;100;100;0;100;2438;279;52166.000000;1028;57800.000000
1.5x;random;European_18_40;80;116.000000;18.095224;84.400669;14400.395000;8;0;1;1;0;1;0;0;2;50.380537;184586;160160;583415;0;0;0;0;0;0;21973;-65480;1;0;80;80;0;116;2648;203;118964.000000;937;72016.666667
1x;random;Nsfnet_14_21;70-b;625.000000;625.000000;0.000000;6.623000;3;0;1;1;0;1;0;0;2;5.701026;49062;61460;156738;0;0;0;0;0;0;22088;13361;2;0;70;70;0;70;1425;157;177000.000000;625;83433.333333
1x;maxData200;European_18_40;100-b;1192.000000;1192.000000;0.000000;27.663000;3;0;1;1;0;1;0;0;2;33.639840;195933;166100;604067;0;0;0;0;0;0;22044;-16764879;2;0;100;100;0;100;3415;231;135853.000000;1192;79383.333333
1.5x;maxData200;European_18_40;40;22.000000;20.000000;9.090909;14400.052000;8;0;1;1;0;1;0;0;2;4.458522;36193;41680;155808;0;0;0;0;0;0;21998;50;1;0;40;40;0;22;635;97;53930.000000;461;33183.333333
1x;maxData200;German_17_26;70-b;645.000000;645.000000;0.000000;7.151000;3;0;1;1;0;1;0;0;2;9.550531;76495;76720;178305;0;0;0;0;0;0;22099;12337;2;0;70;70;0;70;1502;180;31175.000000;645;36916.666667
1x;maxData200;European_18_40;30-b;18.000000;18.000000;0.000000;1438.770000;8;0;1;1;0;1;0;0;2;0.962360;16424;16260;55577;0;0;0;0;0;0;0;-1133871366;0;0;30;30;0;18;451;71;36358.000000;358;22400.000000
1x;random;German_17_26;20;267.000000;267.000000;0.000000;0.558000;3;0;1;1;0;1;0;0;2;0.276850;5871;6920;14929;0;0;0;0;0;0;21957;55;1;0;20;20;0;20;436;53;9340.000000;267;10500.000000
1.5x;random;European_18_40;90;135.000000;18.239362;86.489362;14400.150000;8;0;1;1;0;1;0;0;2;64.525274;208277;201780;763724;0;0;0;0;0;0;22041;53;1;0;90;90;0;135;3976;223;128827.000000;1019;77966.666667
1.5x;maxData200;European_18_40;100;-1.000000;22.785714;0.000000;14400.380000;8;0;1;1;0;1;0;0;2;78.939157;336961;248200;863040;0;0;0;0;0;0;21870;55;1;0;0;0;0;1037767904;21870;1;0.000000;0;0.000000
1x;maxData200;European_18_40;20;12.000000;12.000000;0.000000;7.251000;8;0;1;1;0;1;0;0;2;0.263565;5994;7640;26007;0;0;0;0;0;0;22008;-201195465;1;0;20;20;0;12;248;45;26364.000000;236;15266.666667
1x;random;Nsfnet_14_21;50;443.000000;443.000000;0.000000;2.027000;3;0;1;1;0;1;0;0;2;2.000580;22158;31900;82842;0;0;0;0;0;0;21856;-16763855;2;0;50;50;0;50;952;107;114000.000000;443;54550.000000
1.5x;random;German_17_26;60;75.000000;25.943262;65.408983;14400.151000;8;0;1;1;0;1;0;0;2;17.824438;132273;84600;148528;0;0;0;0;0;0;21921;13361;2;0;60;60;0;75;1653;190;31803.000000;785;31933.333333
1.5x;maxData200;European_18_40;100-b;-1.000000;24.400000;0.000000;14400.230000;8;0;1;1;0;1;0;0;2;71.039499;298734;248200;901267;0;0;0;0;0;0;21873;13105;2;0;0;0;0;1093792992;21873;1;0.000000;0;0.000000
1x;random;German_17_26;40;452.000000;452.000000;0.000000;7.282000;3;0;1;1;0;1;0;0;2;2.546384;42264;25840;40936;0;0;0;0;0;0;21934;12337;2;0;40;40;0;40;828;109;20432.000000;452;18416.666667
1x;maxData200;European_18_40;60-b;27.000000;13.859626;48.668054;14400.052000;8;0;1;1;0;1;0;0;2;6.704637;57110;61320;230891;0;0;0;0;0;0;21909;12337;2;0;60;60;0;27;905;144;86342.000000;682;51933.333333
1x;random;German_17_26;30;-1.000000;-1.000000;0.000000;9.188000;8;0;1;1;0;1;0;0;2;0.891803;16126;14910;30675;0;0;0;0;0;0;21934;-16764111;2;0;-1;-1;-1;1019331808;21934;1;0.000000;2960;0.000000
1x;maxData200;Nsfnet_14_21;50-b;42.000000;42.000000;0.000000;482.438000;8;0;1;1;0;1;0;0;2;1.903594;23413;31950;81588;0;0;0;0;0;0;21939;-65480;1;0;50;50;0;42;760;123;126200.000000;515;60116.666667
1x;maxData200;Nsfnet_14_21;80-b;-1.000000;-1.000000;0.000000;5.139000;8;0;1;1;0;1;0;0;2;7.788390;59936;79920;208865;0;0;0;0;0;0;22086;50;1;0;0;0;0;691324656;22086;1;0.000000;0;0.000000
1x;maxData200;Nsfnet_14_21;40-b;-1.000000;-1.000000;0.000000;0.523000;8;0;1;1;0;1;0;0;2;0.938495;13470;20760;53731;0;0;0;0;0;0;21922;50;1;0;0;0;0;-948390112;21922;1;0.000000;0;0.000000
1x;maxData200;European_18_40;100-b;100.000000;24.400000;75.600000;14400.250000;8;0;1;1;0;1;0;0;2;32.028989;195934;166200;604067;0;0;0;0;0;0;22084;-16764879;2;0;100;100;0;100;3367;258;145934.000000;1339;85666.666667
1x;random;German_17_26;30-b;389.000000;389.000000;0.000000;2.189000;3;0;1;1;0;1;0;0;2;0.921689;17599;14880;29201;0;0;0;0;0;0;22042;-16763599;2;0;30;30;0;30;676;84;15309.000000;389;16000.000000
1x;maxData200;Nsfnet_14_21;20;15.000000;15.000000;0.000000;1.180000;8;0;1;1;0;1;0;0;2;0.142688;4206;5580;12595;0;0;0;0;0;0;21915;3145779;1;0;20;20;0;15;267;52;57700.000000;229;26383.333333
1x;random;Nsfnet_14_21;10-b;93.000000;93.000000;0.000000;0.048000;3;0;1;1;0;1;0;0;2;0.019552;981;1580;3219;0;0;0;0;0;0;0;-1133871366;0;0;10;10;0;10;135;25;27000.000000;93;12633.333333
1x;random;German_17_26;80;-1.000000;34.453125;0.000000;14400.139000;8;0;1;1;0;1;0;0;2;19.174932;159846;99760;172955;0;0;0;0;0;0;22032;808321077;1;0;0;0;0;-724682880;22032;1;0.000000;0;0.000000
1x;random;Nsfnet_14_21;100;74.000000;39.869049;46.122906;14400.092000;8;0;1;1;0;1;0;0;2;15.280985;95955;123900;324046;0;0;0;0;0;0;21948;57;1;0;100;100;0;74;1405;220;248100.000000;860;118083.333333
1x;maxData200;German_17_26;10-b;-1.000000;-1.000000;0.000000;0.074000;3;0;1;1;0;1;0;0;2;0.028120;1243;1960;3957;0;0;0;0;0;0;808598324;808464955;993013808;859518513;808333371;993341488;808463920;809186608;808464430;993593909;0.000000;842152752;0.000000
1x;maxData200;Nsfnet_14_21;30;280.000000;280.000000;0.000000;0.289000;3;0;1;1;0;1;0;0;2;0.376078;6128;11940;31672;0;0;0;0;0;0;21992;3145785;1;0;30;30;0;30;590;58;60100.000000;280;29033.333333
1x;random;German_17_26;10;155.000000;155.000000;0.000000;0.129000;3;0;1;1;0;1;0;0;2;0.035917;1754;1960;3446;0;0;0;0;0;0;809187131;809185328;809185339;876294203;10;10;0;10;187;32;5916.000000;155;6233.333333
1x;maxData200;European_18_40;90;42.000000;20.536761;51.102949;14400.080000;8;0;1;1;0;1;0;0;2;26.757932;123140;135180;524861;0;0;0;0;0;0;22083;-65486;1;0;90;90;0;42;1477;210;121550.000000;1078;72366.666667
1x;random;German_17_26;90;1045.000000;1045.000000;0.000000;66.611000;3;0;1;1;0;1;0;0;2;25.787364;193348;125640;227852;0;0;0;0;0;0;21993;805318961;2;0;90;90;0;90;2242;231;40427.000000;1045;41150.000000
1x;random;German_17_26;10;10.000000;10.000000;0.000000;0.183000;8;0;1;1;0;1;0;0;2;0.035268;1755;1970;3446;0;0;0;0;0;0;809187131;809185328;809185339;876294203;10;10;0;10;219;35;6211.000000;169;6583.333333
1x;maxData200;Nsfnet_14_21;60;-1.000000;-1.000000;0.000000;1.428000;3;0;1;1;0;1;0;0;2;3.347168;34305;45480;116895;0;0;0;0;0;0;22047;-65483;1;0;-1;-1;-1;-1796163808;22047;1;-nan;-1;0.000000
1x;maxData200;European_18_40;100;1096.000000;1096.000000;0.000000;23.188000;3;0;1;1;0;1;0;0;2;34.078327;221310;166100;578690;0;0;0;0;0;0;22095;-16763599;2;0;100;100;0;100;3385;218;145181.000000;1096;81133.333333
1x;maxData200;European_18_40;30;354.000000;354.000000;0.000000;0.986000;3;0;1;1;0;1;0;0;2;1.078957;15410;16230;56590;0;0;0;0;0;0;21903;-704630479;2;0;30;30;0;30;769;67;39297.000000;354;22783.333333
1x;random;Nsfnet_14_21;60;-1.000000;-1.000000;0.000000;1.845000;3;0;1;1;0;1;0;0;2;3.543182;38732;45480;112468;0;0;0;0;0;0;21881;-65483;1;0;-1;-1;-1;1763276560;21881;1;-nan;-1;0.000000
1x;random;German_17_26;100-b;1261.000000;1261.000000;0.000000;1140.821000;3;0;1;1;0;1;0;0;2;38.929614;278726;154600;241274;0;0;0;0;0;0;21937;57;1;0;100;100;0;100;2427;279;51645.000000;1261;49966.666667
1x;random;Nsfnet_14_21;50-b;395.000000;395.000000;0.000000;0.814000;3;0;1;1;0;1;0;0;2;1.924380;23462;31900;81538;0;0;0;0;0;0;22024;-65480;1;0;50;50;0;50;981;104;115100.000000;395;55766.666667
1x;maxData200;German_17_26;30-b;309.000000;309.000000;0.000000;1.177000;3;0;1;1;0;1;0;0;2;0.743258;14000;14880;32800;0;0;0;0;0;0;21922;-16763599;2;0;30;30;0;30;588;84;15156.000000;309;17083.333333
1x;random;Nsfnet_14_21;70-b;60.000000;60.000000;0.000000;2673.157000;8;0;1;1;0;1;0;0;2;5.640543;49063;61530;156738;0;0;0;0;0;0;22050;13361;2;0;70;70;0;60;1096;160;182300.000000;634;85733.333333
1x;maxData200;European_18_40;90-b;1018.000000;1018.000000;0.000000;18.490000;3;0;1;1;0;1;0;0;2;25.135053;179426;135090;468574;0;0;0;0;0;0;21870;-16763599;2;0;90;90;0;90;2834;202;126248.000000;1018;72016.666667
1x;maxData200;Nsfnet_14_21;50-b;455.000000;455.000000;0.000000;1.164000;3;0;1;1;0;1;0;0;2;1.924620;23412;31900;81588;0;0;0;0;0;0;22093;-65480;1;0;50;50;0;50;987;105;116800.000000;455;55383.333333
1x;random;Nsfnet_14_21;10-b;9.000000;9.000000;0.000000;0.081000;8;0;1;1;0;1;0;0;2;0.018417;982;1590;3219;0;0;0;0;0;0;0;-1133871366;0;0;10;10;0;9;105;26;28100.000000;96;13133.333333
1x;random;Nsfnet_14_21;20-b;-1.000000;-1.000000;0.000000;0.205000;3;0;1;1;0;1;0;0;2;0.130290;3415;5560;13385;0;0;0;0;0;0;21921;12849;2;0;0;0;0;-1110431744;21921;1;0.000000;0;0.000000
1x;maxData200;Nsfnet_14_21;70;64.000000;64.000000;0.000000;4593.448000;8;0;1;1;0;1;0;0;2;4.985755;38892;61530;166909;0;0;0;0;0;0;22032;56;1;0;70;70;0;64;1137;157;166600.000000;731;79416.666667
1x;random;Nsfnet_14_21;40;30.000000;30.000000;0.000000;10.788000;8;0;1;1;0;1;0;0;2;1.131696;18106;20760;49095;0;0;0;0;0;0;22045;54;1;0;40;40;0;30;536;93;112900.000000;348;53750.000000
1x;maxData200;Nsfnet_14_21;20;223.000000;223.000000;0.000000;0.288000;3;0;1;1;0;1;0;0;2;0.141856;4205;5560;12595;0;0;0;0;0;0;21989;3145779;1;0;20;20;0;20;359;50;57100.000000;223;26016.666667
1x;maxData200;German_17_26;20-b;14.000000;14.000000;0.000000;51.260000;8;0;1;1;0;1;0;0;2;0.228211;5860;6940;14941;0;0;0;0;0;0;21996;55;1;0;20;20;0;14;256;58;10564.000000;214;11750.000000
1x;random;German_17_26;80;992.000000;992.000000;0.000000;261.480000;3;0;1;1;0;1;0;0;2;19.370319;159845;99680;172955;0;0;0;0;0;0;21848;808321077;1;0;80;80;0;80;1937;217;40499.000000;992;40183.333333
1x;random;German_17_26;30-b;25.000000;15.666667;37.333333;14400.031000;8;0;1;1;0;1;0;0;2;0.992427;17600;14910;29201;0;0;0;0;0;0;22022;-16763599;2;0;30;30;0;25;625;103;17741.000000;483;18483.333333
1x;random;Nsfnet_14_21;30-b;-1.000000;-1.000000;0.000000;0.797000;3;0;1;1;0;1;0;0;2;0.477903;8793;11940;29007;0;0;0;0;0;0;22015;3145778;1;0;0;0;0;1770711040;22015;1;0.000000;0;0.000000
1x;random;German_17_26;20;18.000000;18.000000;0.000000;15.100000;8;0;1;1;0;1;0;0;2;0.277322;5872;6940;14929;0;0;0;0;0;0;22002;55;1;0;20;20;0;18;380;56;9548.000000;276;10700.000000
1x;maxData200;Nsfnet_14_21;40-b;-1.000000;-1.000000;0.000000;0.778000;3;0;1;1;0;1;0;0;2;1.006720;13469;20720;53731;0;0;0;0;0;0;22058;50;1;0;0;0;0;1105676064;22058;1;0.000000;0;0.000000
1x;random;Nsfnet_14_21;30-b;-1.000000;-1.000000;0.000000;1.076000;8;0;1;1;0;1;0;0;2;0.502475;8794;11970;29007;0;0;0;0;0;0;22100;3145778;1;0;0;0;0;-1529640960;22100;1;0.000000;0;0.000000
1x;random;Nsfnet_14_21;20-b;-1.000000;-1.000000;0.000000;0.307000;8;0;1;1;0;1;0;0;2;0.140307;3416;5580;13385;0;0;0;0;0;0;21874;12849;2;0;0;0;0;1229875200;21874;1;0.000000;0;0.000000
1x;maxData200;Nsfnet_14_21;90-b;80.000000;42.000000;47.500000;14400.142000;8;0;1;1;0;1;0;0;2;11.652991;74837;100710;265364;0;0;0;0;0;0;21888;53;1;0;90;90;0;80;1524;211;223800.000000;953;105966.666667
1x;maxData200;Nsfnet_14_21;100-b;1025.000000;1025.000000;0.000000;54.241000;3;0;1;1;0;1;0;0;2;16.273023;97789;123800;322211;0;0;0;0;0;0;22058;12593;2;0;100;100;0;100;2049;231;258400.000000;1025;121083.333333
1x;maxData200;German_17_26;50-b;478.000000;478.000000;0.000000;4.886000;3;0;1;1;0;1;0;0;2;3.745562;42009;39800;87991;0;0;0;0;0;0;21904;54;1;0;50;50;0;50;1082;132;24678.000000;478;27933.333333
1x;maxData200;German_17_26;10;8.000000;8.000000;0.000000;0.375000;8;0;1;1;0;1;0;0;2;0.033702;1237;1970;3964;0;0;0;0;0;0;808598324;808464955;993013808;859518513;10;10;0;8;117;30;5600.000000;111;6266.666667
1x;maxData200;Nsfnet_14_21;30;28.000000;28.000000;0.000000;3.010000;8;0;1;1;0;1;0;0;2;0.400147;6129;11970;31672;0;0;0;0;0;0;21984;3145785;1;0;30;30;0;28;485;63;63000.000000;301;30433.333333
1x;maxData200;Nsfnet_14_21;90;903.000000;903.000000;0.000000;35.212000;3;0;1;1;0;1;0;0;2;11.737050;78652;100620;261548;0;0;0;0;0;0;22068;52;1;0;90;90;0;90;1699;205;233100.000000;903;108866.666667
1x;random;German_17_26;100;-1.000000;34.953608;0.000000;14400.173000;8;0;1;1;0;1;0;0;2;36.037087;245217;154700;274784;0;0;0;0;0;0;21911;12337;2;0;0;0;0;1115608816;21911;1;0.000000;0;0.000000
1x;maxData200;Nsfnet_14_21;80;-1.000000;-1.000000;0.000000;2.730000;8;0;1;1;0;1;0;0;2;7.314949;52987;79920;215814;0;0;0;0;0;0;21883;56;1;0;0;0;0;342664944;21883;1;0.000000;0;0.000000
1x;random;German_17_26;20-b;226.000000;226.000000;0.000000;0.748000;3;0;1;1;0;1;0;0;2;0.274360;7510;6920;13290;0;0;0;0;0;0;22059;55;1;0;20;20;0;20;449;53;8739.000000;226;9316.666667
1x;maxData200;German_17_26;70-b;58.000000;22.348459;61.468173;14400.071000;8;0;1;1;0;1;0;0;2;10.311239;76496;76790;178305;0;0;0;0;0;0;21973;12337;2;0;70;70;0;58;1193;190;31482.000000;685;37350.000000
1x;random;German_17_26;30;-1.000000;-1.000000;0.000000;1.795000;3;0;1;1;0;1;0;0;2;0.938018;16125;14880;30675;0;0;0;0;0;0;22094;-16764111;2;0;-1;-1;-1;1774814432;22094;1;0.000000;2960;0.000000
1x;random;Nsfnet_14_21;80;-1.000000;-1.000000;0.000000;10.510000;8;0;1;1;0;1;0;0;2;7.985656;58921;79920;209880;0;0;0;0;0;0;21963;808321080;1;0;0;0;0;-1942722688;21963;1;0.000000;0;0.000000
1x;maxData200;Nsfnet_14_21;20-b;-1.000000;-1.000000;0.000000;0.195000;3;0;1;1;0;1;0;0;2;0.137062;3324;5560;13476;0;0;0;0;0;0;21875;12849;2;0;0;0;0;-2143590400;21875;1;0.000000;0;0.000000
1x;random;German_17_26;10-b;-1.000000;-1.000000;0.000000;0.028000;3;0;1;1;0;1;0;0;2;0.035454;1424;1960;3776;0;0;0;0;0;0;859517243;993082165;808465467;825962544;993013809;808463920;892810032;808333371;926101552;774912821;0.000000;909850417;0.000000
1x;random;German_17_26;60;655.000000;655.000000;0.000000;26.280000;3;0;1;1;0;1;0;0;2;8.046415;86732;56760;100468;0;0;0;0;0;0;21996;56;1;0;60;60;0;60;1309;157;27060.000000;655;27700.000000
1x;maxData200;Nsfnet_14_21;90;78.000000;43.443564;44.303123;14400.069000;8;0;1;1;0;1;0;0;2;11.395523;78653;100710;261548;0;0;0;0;0;0;21953;52;1;0;90;90;0;78;1609;229;251300.000000;984;117500.000000
1x;maxData200;European_18_40;50;519.000000;519.000000;0.000000;2.644000;3;0;1;1;0;1;0;0;2;3.832088;37003;43050;162997;0;0;0;0;0;0;22005;13105;2;0;50;50;0;50;1600;105;70336.000000;519;40366.666667
1x;random;German_17_26;70-b;70.000000;29.761468;57.483617;14400.119000;8;0;1;1;0;1;0;0;2;11.902095;101870;76790;152931;0;0;0;0;0;0;21977;12337;2;0;70;70;0;70;1669;192;32352.000000;879;34683.333333
1x;maxData200;German_17_26;10-b;-1.000000;-1.000000;0.000000;0.069000;8;0;1;1;0;1;0;0;2;0.027554;1244;1970;3957;0;0;0;0;0;0;808598324;808464955;993013808;859518513;808333371;993341488;808463920;809186608;808464430;993593909;0.000000;842152752;0.000000
1x;random;German_17_26;100-b;-1.000000;41.291845;0.000000;14400.192000;8;0;1;1;0;1;0;0;2;38.614117;278727;154700;241274;0;0;0;0;0;0;22046;57;1;0;0;0;0;-772344080;22046;1;0.000000;0;0.000000
1x;maxData200;German_17_26;60;40.000000;21.809717;45.475706;14400.052000;8;0;1;1;0;1;0;0;2;5.420588;47762;56820;139439;0;0;0;0;0;0;22047;56;1;0;60;60;0;40;943;180;29747.000000;641;35733.333333
1x;random;German_17_26;70-b;821.000000;821.000000;0.000000;25.161000;3;0;1;1;0;1;0;0;2;11.902827;101869;76720;152931;0;0;0;0;0;0;21872;12337;2;0;70;70;0;70;1577;180;31672.000000;821;33500.000000
1x;maxData200;European_18_40;20-b;12.000000;12.000000;0.000000;1.383000;8;0;1;1;0;1;0;0;2;0.294470;5322;7640;26679;0;0;0;0;0;0;0;-1133871366;0;0;20;20;0;12;236;41;23819.000000;203;14900.000000
1x;maxData200;Nsfnet_14_21;80-b;-1.000000;-1.000000;0.000000;2.974000;3;0;1;1;0;1;0;0;2;7.748861;59935;79840;208865;0;0;0;0;0;0;21863;50;1;0;0;0;0;-75847952;21863;1;0.000000;0;0.000000
1x;maxData200;European_18_40;90;939.000000;939.000000;0.000000;13.288000;3;0;1;1;0;1;0;0;2;34.865889;123139;135090;524861;0;0;0;0;0;0;22075;-65486;1;0;90;90;0;90;2668;186;115074.000000;939;68266.666667
1x;maxData200;German_17_26;60-b;551.000000;551.000000;0.000000;4.056000;3;0;1;1;0;1;0;0;2;5.641669;51562;56760;135638;0;0;0;0;0;0;22040;49;1;0;60;60;0;60;1369;153;26107.000000;551;30983.333333
1x;maxData200;European_18_40;10-b;68.000000;68.000000;0.000000;0.042000;3;0;1;1;0;1;0;0;2;0.031797;990;2210;7010;0;0;0;0;0;0;21973;808333362;4;0;10;10;0;10;102;17;9902.000000;68;6566.666667
1x;maxData200;Nsfnet_14_21;100-b;98.000000;49.957447;49.023013;14400.061000;8;0;1;1;0;1;0;0;2;15.294532;97790;123900;322211;0;0;0;0;0;0;21923;12593;2;0;100;100;0;98;2002;285;288600.000000;1208;136316.666667
1x;maxData200;European_18_40;10;6.000000;6.000000;0.000000;0.063000;8;0;1;1;0;1;0;0;2;0.028791;777;2220;7224;0;0;0;0;0;0;21853;808333362;4;0;10;10;0;6;117;22;12587.000000;110;7650.000000
1x;random;Nsfnet_14_21;60-b;539.000000;539.000000;0.000000;2.705000;3;0;1;1;0;1;0;0;2;3.563755;39253;45480;111947;0;0;0;0;0;0;21871;-16764367;2;0;60;60;0;60;1224;136;158800.000000;539;74550.000000
1x;maxData200;Nsfnet_14_21;70;704.000000;704.000000;0.000000;3.620000;3;0;1;1;0;1;0;0;2;4.958405;38891;61460;166909;0;0;0;0;0;0;21925;56;1;0;70;70;0;70;1387;148;160500.000000;704;76450.000000
1x;maxData200;German_17_26;80;803.000000;803.000000;0.000000;38.116000;3;0;1;1;0;1;0;0;2;14.763860;112984;99680;219816;0;0;0;0;0;0;22063;53;1;0;80;80;0;80;1947;217;40432.000000;803;44816.666667
1x;maxData200;German_17_26;40-b;28.000000;15.326619;45.262075;14400.023000;8;0;1;1;0;1;0;0;2;1.845693;26581;25880;56620;0;0;0;0;0;0;21920;56;1;0;40;40;0;28;709;146;25440.000000;548;28500.000000
1x;maxData200;European_18_40;80;69.000000;19.121739;72.287335;14400.143000;8;0;1;1;0;1;0;0;2;21.875601;126385;107360;385616;0;0;0;0;0;0;21989;-65480;1;0;80;80;0;69;1505;194;117220.000000;987;67683.333333
1x;random;Nsfnet_14_21;80-b;78.000000;78.000000;0.000000;3732.171000;8;0;1;1;0;1;0;0;2;8.071020;59433;79920;209368;0;0;0;0;0;0;21979;50;1;0;80;80;0;78;1317;188;192200.000000;790;94150.000000
1x;maxData200;German_17_26;30;301.000000;301.000000;0.000000;1.777000;3;0;1;1;0;1;0;0;2;0.821707;14352;14880;32448;0;0;0;0;0;0;21872;-16764111;2;0;30;30;0;30;550;82;14754.000000;301;16700.000000
1x;maxData200;European_18_40;70;48.000000;22.410256;53.311966;14400.162000;8;0;1;1;0;1;0;0;2;11.585196;91513;82740;300488;0;0;0;0;0;0;21990;-16764879;2;0;70;70;0;48;1689;184;109743.000000;967;62083.333333
1x;random;German_17_26;50-b;49.000000;21.600000;55.918367;14400.107000;8;0;1;1;0;1;0;0;2;4.906372;60598;39850;69403;0;0;0;0;0;0;22033;54;1;0;50;50;0;49;1141;178;32310.000000;800;30633.333333
1x;maxData200;German_17_26;20-b;178.000000;178.000000;0.000000;0.580000;3;0;1;1;0;1;0;0;2;0.246700;5859;6920;14941;0;0;0;0;0;0;21920;55;1;0;20;20;0;20;292;49;8079.000000;178;9633.333333
1x;maxData200;German_17_26;100;918.000000;918.000000;0.000000;24.368000;3;0;1;1;0;1;0;0;2;27.518293;149258;154600;370742;0;0;0;0;0;0;21998;12337;2;0;100;100;0;100;2313;256;45923.000000;918;53433.333333
1x;maxData200;Nsfnet_14_21;70-b;-1.000000;-1.000000;0.000000;2.951000;3;0;1;1;0;1;0;0;2;5.504353;46721;61460;159079;0;0;0;0;0;0;21912;13361;2;0;0;0;0;1404237552;21912;1;0.000000;0;0.000000
1x;random;Nsfnet_14_21;50;39.000000;39.000000;0.000000;824.800000;8;0;1;1;0;1;0;0;2;2.000059;22159;31950;82842;0;0;0;0;0;0;22046;-16763855;2;0;50;50;0;39;710;114;121500.000000;470;58116.666667
1x;random;Nsfnet_14_21;70;40.000000;33.000000;17.500000;14400.031000;8;0;1;1;0;1;0;0;2;5.394598;46005;61530;159796;0;0;0;0;0;0;22041;808321080;1;0;70;70;0;40;798;168;178700.000000;659;85350.000000
1x;maxData200;European_18_40;60;39.000000;17.875000;54.166667;14400.059000;8;0;1;1;0;1;0;0;2;7.235913;73067;61320;214934;0;0;0;0;0;0;21989;51;1;0;60;60;0;39;1260;164;93441.000000;838;53800.000000
1x;maxData200;European_18_40;90-b;-1.000000;22.208029;0.000000;14400.274000;8;0;1;1;0;1;0;0;2;24.484412;179427;135180;468574;0;0;0;0;0;0;21865;-16763599;2;0;-1;-1;-1;-670556800;21865;1;-nan;-1;0.000000
1x;maxData200;European_18_40;30;24.000000;24.000000;0.000000;1182.188000;8;0;1;1;0;1;0;0;2;1.214507;15411;16260;56590;0;0;0;0;0;0;22006;-687853263;2;0;30;30;0;24;634;80;42756.000000;424;25250.000000
1x;maxData200;Nsfnet_14_21;70-b;-1.000000;-1.000000;0.000000;3.474000;8;0;1;1;0;1;0;0;2;5.534688;46722;61530;159079;0;0;0;0;0;0;21866;13361;2;0;0;0;0;1676261104;21866;1;0.000000;0;0.000000
1x;random;German_17_26;80-b;-1.000000;32.565934;0.000000;14400.152000;8;0;1;1;0;1;0;0;2;20.328141;190320;99760;142481;0;0;0;0;0;0;21875;13105;2;0;0;0;0;-1956321552;21875;1;0.000000;0;0.000000
1x;maxData200;Nsfnet_14_21;40;28.000000;27.000000;3.571429;14412.687000;8;0;1;1;0;1;0;0;2;1.107470;17889;20760;49312;0;0;0;0;0;0;21856;54;1;0;40;40;0;28;497;90;112000.000000;352;52183.333333
1x;maxData200;European_18_40;50-b;574.000000;574.000000;0.000000;4.457000;3;0;1;1;0;1;0;0;2;4.054444;49114;43050;150886;0;0;0;0;0;0;21973;14385;2;0;50;50;0;50;1477;111;72332.000000;574;40833.333333
1x;maxData200;Nsfnet_14_21;100;975.000000;975.000000;0.000000;20.672000;3;0;1;1;0;1;0;0;2;15.028202;94288;123800;325712;0;0;0;0;0;0;22086;57;1;0;100;100;0;100;2019;215;243000.000000;975;114166.666667
1x;maxData200;German_17_26;50;27.000000;15.088752;44.115733;14400.061000;8;0;1;1;0;1;0;0;2;3.304346;32207;39850;97794;0;0;0;0;0;0;22006;54;1;0;50;50;0;27;643;137;22586.000000;486;27150.000000
1x;maxData200;European_18_40;80;912.000000;912.000000;0.000000;15.379000;3;0;1;1;0;1;0;0;2;21.754260;126384;107280;385616;0;0;0;0;0;0;22044;-65480;1;0;80;80;0;80;2468;179;112533.000000;912;64633.333333
1x;random;Nsfnet_14_21;20;15.000000;15.000000;0.000000;1.621000;8;0;1;1;0;1;0;0;2;0.159078;4359;5580;12442;0;0;0;0;0;0;21890;51;1;0;20;20;0;15;247;52;57700.000000;211;26766.666667
1x;maxData200;German_17_26;100-b;96.000000;34.576531;63.982781;14400.128000;8;0;1;1;0;1;0;0;2;28.279251;177552;154700;342449;0;0;0;0;0;0;22065;57;1;0;100;100;0;96;2202;319;54948.000000;1184;62283.333333
1x;maxData200;German_17_26;80-b;878.000000;878.000000;0.000000;24.439000;3;0;1;1;0;1;0;0;2;15.699498;128530;99680;204270;0;0;0;0;0;0;22029;13105;2;0;80;80;0;80;1885;234;41748.000000;878;46133.333333
1x;maxData200;Nsfnet_14_21;10-b;-1.000000;-1.000000;0.000000;0.014000;3;0;1;1;0;1;0;0;2;0.015477;739;1580;3461;0;0;0;0;0;0;0;-1133871366;0;0;1061720948;0;0;0;0;389733992;0.000000;0;0.000000
1x;random;German_17_26;70;806.000000;806.000000;0.000000;74.775000;3;0;1;1;0;1;0;0;2;12.573320;128380;76720;126420;0;0;0;0;0;0;21904;805318705;2;0;70;70;0;70;1713;196;33793.000000;806;33200.000000
1x;random;Nsfnet_14_21;40-b;-1.000000;-1.000000;0.000000;1.537000;8;0;1;1;0;1;0;0;2;0.953227;14035;20760;53166;0;0;0;0;0;0;22015;50;1;0;0;0;0;-641665248;22015;1;0.000000;0;0.000000
1x;random;Nsfnet_14_21;50-b;33.000000;33.000000;0.000000;185.115000;8;0;1;1;0;1;0;0;2;2.019905;23463;31950;81538;0;0;0;0;0;0;22069;-65480;1;0;50;50;0;33;566;113;122200.000000;422;59100.000000
1x;maxData200;German_17_26;80-b;76.000000;30.461988;59.918436;14400.140000;8;0;1;1;0;1;0;0;2;16.095453;128531;99760;204270;0;0;0;0;0;0;21969;13105;2;0;80;80;0;76;1821;265;45638.000000;1000;50666.666667
1x;maxData200;Nsfnet_14_21;60-b;624.000000;624.000000;0.000000;3.624000;3;0;1;1;0;1;0;0;2;3.440219;36655;45480;114545;0;0;0;0;0;0;21906;-16764367;2;0;60;60;0;60;1219;137;155500.000000;624;72816.666667
1x;maxData200;German_17_26;50;443.000000;443.000000;0.000000;2.448000;3;0;1;1;0;1;0;0;2;3.147087;32206;39800;97794;0;0;0;0;0;0;22057;54;1;0;50;50;0;50;1141;126;21626.000000;443;25633.333333
1x;maxData200;German_17_26;70;59.000000;24.715328;58.109613;14400.179000;8;0;1;1;0;1;0;0;2;9.954268;80775;76790;174026;0;0;0;0;0;0;21989;12337;2;0;70;70;0;59;1422;224;37345.000000;823;43316.666667
1x;maxData200;European_18_40;50-b;25.000000;14.045334;43.818665;14400.069000;8;0;1;1;0;1;0;0;2;4.298930;49115;43100;150886;0;0;0;0;0;0;21930;14385;2;0;50;50;0;25;818;127;75364.000000;660;43200.000000
1x;maxData200;Nsfnet_14_21;10;-1.000000;-1.000000;0.000000;0.007000;3;0;1;1;0;1;0;0;2;0.018053;677;1580;3523;0;0;0;0;0;0;0;-755914244;0;0;1061184077;0;0;0;0;1037901416;0.000000;0;0.000000
1x;maxData200;German_17_26;30-b;21.000000;13.000000;38.095238;14400.015000;8;0;1;1;0;1;0;0;2;0.746028;14001;14910;32800;0;0;0;0;0;0;21896;-16763599;2;0;30;30;0;21;512;99;17636.000000;367;19633.333333
1x;random;German_17_26;90-b;1130.000000;1130.000000;0.000000;692.705000;3;0;1;1;0;1;0;0;2;28.396670;226711;125640;194489;0;0;0;0;0;0;22031;13873;2;0;90;90;0;90;2250;254;48402.000000;1130;45616.666667
1x;maxData200;German_17_26;90-b;90.000000;34.113990;62.095567;14400.136000;8;0;1;1;0;1;0;0;2;21.895301;161574;125730;259627;0;0;0;0;0;0;22073;13873;2;0;90;90;0;90;2182;300;52278.000000;1131;57850.000000
1x;random;Nsfnet_14_21;100-b;864.000000;864.000000;0.000000;8.495000;3;0;1;1;0;1;0;0;2;15.948263;104236;123800;315764;0;0;0;0;0;0;22004;12593;2;0;100;100;0;100;1976;223;260400.000000;864;122800.000000
1x;random;Nsfnet_14_21;100;842.000000;842.000000;0.000000;7.799000;3;0;1;1;0;1;0;0;2;15.195052;95954;123800;324046;0;0;0;0;0;0;22013;57;1;0;100;100;0;100;2056;214;245100.000000;842;116550.000000
1x;maxData200;German_17_26;90;90.000000;25.741259;71.398601;14400.100000;8;0;1;1;0;1;0;0;2;24.302957;123595;125730;297606;0;0;0;0;0;0;22047;12593;2;0;90;90;0;90;2142;263;44173.000000;963;50883.333333
1x;maxData200;European_18_40;100;-1.000000;22.785714;0.000000;14400.155000;8;0;1;1;0;1;0;0;2;33.891282;221311;166200;578690;0;0;0;0;0;0;22048;-16763599;2;0;-1;-1;-1;1329040768;22048;1;-nan;-1;0.000000
1x;random;German_17_26;40-b;31.000000;16.636444;46.334051;14400.061000;8;0;1;1;0;1;0;0;2;2.592158;46532;25880;36669;0;0;0;0;0;0;22063;56;1;0;40;40;0;31;796;148;25896.000000;596;23833.333333
1x;maxData200;European_18_40;40-b;460.000000;460.000000;0.000000;2.118000;3;0;1;1;0;1;0;0;2;2.058510;28839;28040;99161;0;0;0;0;0;0;21911;14385;2;0;40;40;0;40;1246;88;54732.000000;460;31466.666667
1x;maxData200;European_18_40;30-b;331.000000;331.000000;0.000000;1.055000;3;0;1;1;0;1;0;0;2;0.887817;16423;16230;55577;0;0;0;0;0;0;0;-1133871366;0;0;30;30;0;30;728;66;34977.000000;331;21500.000000
1x;random;German_17_26;50;595.000000;595.000000;0.000000;9.626000;3;0;1;1;0;1;0;0;2;4.337901;51974;39800;78026;0;0;0;0;0;0;21919;54;1;0;50;50;0;50;1174;127;20702.000000;595;22616.666667
1x;maxData200;German_17_26;100;100.000000;27.670968;72.329032;14400.132000;8;0;1;1;0;1;0;0;2;26.013350;149259;154700;370742;0;0;0;0;0;0;21964;12337;2;0;100;100;0;100;2501;295;50376.000000;1068;58950.000000
1x;maxData200;German_17_26;60-b;41.000000;19.563380;52.284438;14400.045000;8;0;1;1;0;1;0;0;2;5.578114;51563;56820;135638;0;0;0;0;0;0;22001;49;1;0;60;60;0;41;958;175;29848.000000;637;34733.333333
1x;maxData200;German_17_26;40;27.000000;15.647711;42.045516;14400.037000;8;0;1;1;0;1;0;0;2;2.016926;30692;25880;52509;0;0;0;0;0;0;21959;12337;2;0;40;40;0;27;655;127;23053.000000;473;25383.333333
1x;maxData200;Nsfnet_14_21;10;-1.000000;-1.000000;0.000000;0.010000;8;0;1;1;0;1;0;0;2;0.015920;678;1590;3523;0;0;0;0;0;0;0;-755914244;0;0;1061184077;0;0;0;0;-1932177816;0.000000;0;0.000000
1x;maxData200;German_17_26;70;714.000000;714.000000;0.000000;8.347000;3;0;1;1;0;1;0;0;2;9.424415;80774;76720;174026;0;0;0;0;0;0;22043;12337;2;0;70;70;0;70;1542;196;33699.000000;714;39083.333333
1x;random;German_17_26;10-b;-1.000000;-1.000000;0.000000;0.029000;8;0;1;1;0;1;0;0;2;0.030984;1425;1970;3776;0;0;0;0;0;0;859517243;993082165;808465467;825962544;993013809;808463920;892810032;808333371;926101552;774912821;0.000000;909850417;0.000000
1x;maxData200;Nsfnet_14_21;60-b;54.000000;54.000000;0.000000;1354.203000;8;0;1;1;0;1;0;0;2;3.447180;36656;45540;114545;0;0;0;0;0;0;22098;-16764367;2;0;60;60;0;54;1056;147;160100.000000;666;75150.000000
1x;random;Nsfnet_14_21;90;739.000000;739.000000;0.000000;6.911000;3;0;1;1;0;1;0;0;2;11.962551;90824;100620;249376;0;0;0;0;0;0;21913;808321076;1;0;90;90;0;90;1810;196;233800.000000;739;109283.333333
1x;random;Nsfnet_14_21;10;78.000000;78.000000;0.000000;0.051000;3;0;1;1;0;1;0;0;2;0.017783;773;1580;3427;0;0;0;0;0;0;0;-1133871366;0;0;10;10;0;10;139;20;25200.000000;78;11833.333333
1x;maxData200;German_17_26;30;26.000000;26.000000;0.000000;9490.890000;8;0;1;1;0;1;0;0;2;0.765099;14353;14910;32448;0;0;0;0;0;0;21848;-16764111;2;0;30;30;0;26;553;99;16987.000000;368;19333.333333
1x;random;German_17_26;90;-1.000000;30.585799;0.000000;14400.221000;8;0;1;1;0;1;0;0;2;26.766771;193349;125730;227852;0;0;0;0;0;0;22063;805318961;2;0;0;0;0;-1404266624;22063;1;0.000000;0;0.000000
1x;random;Nsfnet_14_21;100-b;75.000000;38.877248;48.163669;14400.143000;8;0;1;1;0;1;0;0;2;16.931854;104237;123900;315764;0;0;0;0;0;0;22021;12593;2;0;100;100;0;75;1490;242;270900.000000;921;127966.666667
1x;maxData200;European_18_40;40-b;18.000000;18.000000;0.000000;7512.692000;8;0;1;1;0;1;0;0;2;2.216975;28840;28080;99161;0;0;0;0;0;0;21927;14385;2;0;40;40;0;18;599;93;55718.000000;485;32233.333333
1x;maxData200;European_18_40;80-b;71.000000;18.808997;73.508455;14400.179000;8;0;1;1;0;1;0;0;2;17.167953;136826;107360;375175;0;0;0;0;0;0;21929;-65487;1;0;80;80;0;71;2012;201;121476.000000;1014;69316.666667
1x;random;German_17_26;60;60.000000;25.944090;56.759850;14400.054000;8;0;1;1;0;1;0;0;2;7.668207;86733;56820;100468;0;0;0;0;0;0;21889;56;1;0;60;60;0;60;1445;183;31912.000000;754;31600.000000
1x;random;German_17_26;70;70.000000;27.046980;61.361457;14400.216000;8;0;1;1;0;1;0;0;2;13.237553;128381;76790;126420;0;0;0;0;0;0;21935;805318705;2;0;70;70;0;70;1648;233;37903.000000;977;37533.333333
1x;maxData200;European_18_40;70-b;31.000000;15.285531;50.691837;14400.065000;8;0;1;1;0;1;0;0;2;10.702517;77914;82740;314087;0;0;0;0;0;0;22009;-65486;1;0;70;70;0;31;1060;159;92979.000000;784;56683.333333
1x;random;Nsfnet_14_21;60-b;45.000000;28.681098;36.264228;14400.038000;8;0;1;1;0;1;0;0;2;3.554885;39254;45540;111947;0;0;0;0;0;0;21914;-16764367;2;0;60;60;0;45;877;147;163900.000000;572;77150.000000
1x;maxData200;European_18_40;40;22.000000;19.600000;10.909091;14400.038000;8;0;1;1;0;1;0;0;2;1.954137;23193;28080;104808;0;0;0;0;0;0;22048;50;1;0;40;40;0;22;667;100;52340.000000;470;32983.333333
1x;maxData200;European_18_40;50;23.000000;12.954740;43.675044;14400.177000;8;0;1;1;0;1;0;0;2;4.063230;37004;43100;162997;0;0;0;0;0;0;21924;13105;2;0;50;50;0;23;737;115;69720.000000;572;40700.000000
1x;maxData200;Nsfnet_14_21;100;96.000000;47.866667;50.138889;14400.062000;8;0;1;1;0;1;0;0;2;15.117820;94289;123900;325712;0;0;0;0;0;0;21985;57;1;0;100;100;0;96;1935;228;246500.000000;1041;116166.666667
1x;random;German_17_26;50;39.000000;20.211326;48.176087;14400.087000;8;0;1;1;0;1;0;0;2;4.531292;51975;39850;78026;0;0;0;0;0;0;22010;54;1;0;50;50;0;39;911;143;23171.000000;659;24616.666667
1x;maxData200;German_17_26;80;80.000000;27.923077;65.096154;14400.082000;8;0;1;1;0;1;0;0;2;17.049322;112985;99760;219816;0;0;0;0;0;0;21980;53;1;0;80;80;0;80;1895;247;42497.000000;923;47766.666667
1x;random;Nsfnet_14_21;90-b;57.000000;33.300144;41.578694;14400.069000;8;0;1;1;0;1;0;0;2;11.653590;85287;100710;254914;0;0;0;0;0;0;22047;53;1;0;90;90;0;57;1171;224;244500.000000;817;115316.666667
1x;random;German_17_26;40;33.000000;17.760870;46.179183;14400.046000;8;0;1;1;0;1;0;0;2;2.522113;42265;25880;40936;0;0;0;0;0;0;22078;12337;2;0;40;40;0;33;786;139;25177.000000;568;22533.333333
1x;random;German_17_26;90-b;-1.000000;39.077273;0.000000;14400.156000;8;0;1;1;0;1;0;0;2;27.863266;226712;125730;194489;0;0;0;0;0;0;21990;13873;2;0;0;0;0;-843700496;21990;1;0.000000;0;0.000000
1x;random;German_17_26;60-b;59.000000;24.789474;57.983943;14400.054000;8;0;1;1;0;1;0;0;2;7.491542;77546;56820;109655;0;0;0;0;0;0;21964;49;1;0;60;60;0;59;1409;184;32537.000000;824;33700.000000
1x;random;Nsfnet_14_21;90;54.000000;28.146492;47.876866;14400.163000;8;0;1;1;0;1;0;0;2;11.981116;90825;100710;249376;0;0;0;0;0;0;22068;808321076;1;0;90;90;0;54;1069;224;252000.000000;826;118083.333333
1x;maxData200;German_17_26;50-b;35.000000;18.118734;48.232189;14400.035000;8;0;1;1;0;1;0;0;2;3.556807;42010;39850;87991;0;0;0;0;0;0;22069;54;1;0;50;50;0;35;763;142;25486.000000;516;29233.333333